
-- Close existing stale open sessions first
UPDATE billing_sessions SET status = 'closed', closed_by = '00000000-0000-0000-0000-000000000030', closed_at = '2026-03-09T22:00:00+05:00', actual_cash = opening_cash, expected_cash = opening_cash, cash_difference = 0
WHERE id IN ('da1ca075-f9a1-4387-a3a2-00ba62c9d1e1', 'f71d5dfb-61b5-4bc4-9201-78bb4c489bfa') AND status = 'open';

-- Seed billing sessions for today (Mar 11, 2026)
INSERT INTO billing_sessions (id, organization_id, branch_id, session_number, counter_type, opened_by, opened_at, closed_by, closed_at, opening_cash, expected_cash, actual_cash, cash_difference, card_total, upi_total, other_total, total_collections, transaction_count, status, shift, created_at)
VALUES
  ('dd110001-0001-0001-0001-000000000001', 'b1111111-1111-1111-1111-111111111111', 'c1111111-1111-1111-1111-111111111111',
   'SES-20260311-001', 'reception', '00000000-0000-0000-0000-000000000030',
   '2026-03-11T07:00:00+05:00', '00000000-0000-0000-0000-000000000030', '2026-03-11T14:00:00+05:00',
   5000, 42500, 42500, 0, 18000, 5500, 0, 66000, 8, 'closed', 'morning', '2026-03-11T07:00:00+05:00'),
  ('dd110001-0001-0001-0001-000000000002', 'b1111111-1111-1111-1111-111111111111', 'c1111111-1111-1111-1111-111111111111',
   'SES-20260311-002', 'pharmacy', '00000000-0000-0000-0000-000000000030',
   '2026-03-11T14:00:00+05:00', '00000000-0000-0000-0000-000000000030', '2026-03-11T20:00:00+05:00',
   3000, 28000, 27500, -500, 12000, 3000, 0, 43000, 6, 'closed', 'evening', '2026-03-11T14:00:00+05:00'),
  ('dd110001-0001-0001-0001-000000000003', 'b1111111-1111-1111-1111-111111111111', 'c1111111-1111-1111-1111-111111111111',
   'SES-20260311-003', 'reception', '00000000-0000-0000-0000-000000000030',
   '2026-03-11T20:00:00+05:00', NULL, NULL,
   2000, 0, 0, 0, 0, 0, 0, 8500, 2, 'open', 'night', '2026-03-11T20:00:00+05:00')
ON CONFLICT (id) DO NOTHING;

-- 10 OPD invoices for today
INSERT INTO invoices (id, organization_id, branch_id, patient_id, invoice_number, invoice_date, subtotal, tax_amount, discount_amount, total_amount, paid_amount, balance_amount, status, created_at)
VALUES
  ('dd220001-0001-0001-0001-000000000001','b1111111-1111-1111-1111-111111111111','c1111111-1111-1111-1111-111111111111','e1a11111-1111-1111-1111-111111111111','INV-20260311-001','2026-03-11',2000,300,0,2300,2300,0,'paid','2026-03-11T08:15:00+05:00'),
  ('dd220001-0001-0001-0001-000000000002','b1111111-1111-1111-1111-111111111111','c1111111-1111-1111-1111-111111111111','e2a22222-2222-2222-2222-222222222222','INV-20260311-002','2026-03-11',3500,525,0,4025,4025,0,'paid','2026-03-11T08:45:00+05:00'),
  ('dd220001-0001-0001-0001-000000000003','b1111111-1111-1111-1111-111111111111','c1111111-1111-1111-1111-111111111111','e3a33333-3333-3333-3333-333333333333','INV-20260311-003','2026-03-11',2500,375,0,2875,2875,0,'paid','2026-03-11T09:30:00+05:00'),
  ('dd220001-0001-0001-0001-000000000004','b1111111-1111-1111-1111-111111111111','c1111111-1111-1111-1111-111111111111','e4a44444-4444-4444-4444-444444444444','INV-20260311-004','2026-03-11',1500,225,200,1525,1525,0,'paid','2026-03-11T10:00:00+05:00'),
  ('dd220001-0001-0001-0001-000000000005','b1111111-1111-1111-1111-111111111111','c1111111-1111-1111-1111-111111111111','e5a55555-5555-5555-5555-555555555555','INV-20260311-005','2026-03-11',4500,675,0,5175,5175,0,'paid','2026-03-11T10:30:00+05:00'),
  ('dd220001-0001-0001-0001-000000000006','b1111111-1111-1111-1111-111111111111','c1111111-1111-1111-1111-111111111111','33bbccff-0a9b-44fb-bd05-e25f5d0ae20c','INV-20260311-006','2026-03-11',3000,450,0,3450,3450,0,'paid','2026-03-11T11:15:00+05:00'),
  ('dd220001-0001-0001-0001-000000000007','b1111111-1111-1111-1111-111111111111','c1111111-1111-1111-1111-111111111111','fe90473d-7afb-42ec-9a54-94b99f29c59d','INV-20260311-007','2026-03-11',2000,300,0,2300,2300,0,'paid','2026-03-11T14:30:00+05:00'),
  ('dd220001-0001-0001-0001-000000000008','b1111111-1111-1111-1111-111111111111','c1111111-1111-1111-1111-111111111111','21e75fd0-8753-4067-b6b4-e920720bd9c2','INV-20260311-008','2026-03-11',3500,525,0,4025,0,4025,'pending','2026-03-11T15:00:00+05:00'),
  ('dd220001-0001-0001-0001-000000000009','b1111111-1111-1111-1111-111111111111','c1111111-1111-1111-1111-111111111111','9de46a65-b3a5-4d68-b7e7-1e2781a27f20','INV-20260311-009','2026-03-11',5000,750,0,5750,0,5750,'pending','2026-03-11T16:00:00+05:00'),
  ('dd220001-0001-0001-0001-000000000010','b1111111-1111-1111-1111-111111111111','c1111111-1111-1111-1111-111111111111','e7e350d0-58fb-41ea-a98f-ecddbd0fac63','INV-20260311-010','2026-03-11',4000,600,0,4600,2000,2600,'partially_paid','2026-03-11T20:30:00+05:00')
ON CONFLICT (id) DO NOTHING;

-- 5 IPD invoices for today
INSERT INTO invoices (id, organization_id, branch_id, patient_id, invoice_number, invoice_date, subtotal, tax_amount, discount_amount, total_amount, paid_amount, balance_amount, status, created_at)
VALUES
  ('dd220001-0001-0001-0001-000000000011','b1111111-1111-1111-1111-111111111111','c1111111-1111-1111-1111-111111111111','e1a11111-1111-1111-1111-111111111111','IPD-20260311-001','2026-03-11',25000,3750,0,28750,28750,0,'paid','2026-03-11T09:00:00+05:00'),
  ('dd220001-0001-0001-0001-000000000012','b1111111-1111-1111-1111-111111111111','c1111111-1111-1111-1111-111111111111','e2a22222-2222-2222-2222-222222222222','IPD-20260311-002','2026-03-11',42000,6300,2000,46300,46300,0,'paid','2026-03-11T11:00:00+05:00'),
  ('dd220001-0001-0001-0001-000000000013','b1111111-1111-1111-1111-111111111111','c1111111-1111-1111-1111-111111111111','bbed1ff7-b3b4-49b1-84db-698d103e7870','IPD-20260311-003','2026-03-11',18000,2700,0,20700,20700,0,'paid','2026-03-11T13:00:00+05:00'),
  ('dd220001-0001-0001-0001-000000000014','b1111111-1111-1111-1111-111111111111','c1111111-1111-1111-1111-111111111111','e3a33333-3333-3333-3333-333333333333','IPD-20260311-004','2026-03-11',35000,5250,0,40250,0,40250,'pending','2026-03-11T15:30:00+05:00'),
  ('dd220001-0001-0001-0001-000000000015','b1111111-1111-1111-1111-111111111111','c1111111-1111-1111-1111-111111111111','e4a44444-4444-4444-4444-444444444444','IPD-20260311-005','2026-03-11',15000,2250,0,17250,0,17250,'pending','2026-03-11T17:00:00+05:00')
ON CONFLICT (id) DO NOTHING;

-- Invoice items for OPD invoices
INSERT INTO invoice_items (id, invoice_id, service_type_id, description, quantity, unit_price, discount_percent, total_price)
VALUES
  (gen_random_uuid(),'dd220001-0001-0001-0001-000000000001','0a111111-1111-1111-1111-111111111111','General Consultation',1,2000,0,2000),
  (gen_random_uuid(),'dd220001-0001-0001-0001-000000000002','508ac8cb-1f59-4272-a93f-c3a3de8138f2','Cardiology Consultation',1,3500,0,3500),
  (gen_random_uuid(),'dd220001-0001-0001-0001-000000000003','0a333333-3333-3333-3333-333333333333','Blood Test - CBC',1,1500,0,1500),
  (gen_random_uuid(),'dd220001-0001-0001-0001-000000000003','0a222222-2222-2222-2222-222222222222','Follow-up Visit',1,1000,0,1000),
  (gen_random_uuid(),'dd220001-0001-0001-0001-000000000004','bbed4831-6d94-4646-b9ed-fdbefd797134','General Consultation (OPD)',1,1500,0,1500),
  (gen_random_uuid(),'dd220001-0001-0001-0001-000000000005','19cab880-c170-48d9-a4ac-8e8288ce842b','Neurology Consultation',1,4000,0,4000),
  (gen_random_uuid(),'dd220001-0001-0001-0001-000000000005','cd6b1ca9-b197-4d31-8900-45bcb4913571','X-Ray (Single View)',1,800,0,800),
  (gen_random_uuid(),'dd220001-0001-0001-0001-000000000006','71e02a4b-aeea-4a22-84dc-438a00f15845','Orthopedic Consultation',1,3000,0,3000),
  (gen_random_uuid(),'dd220001-0001-0001-0001-000000000007','0c87aee9-92f4-4a90-9777-c54a58871822','Pediatric Consultation',1,2000,0,2000),
  (gen_random_uuid(),'dd220001-0001-0001-0001-000000000008','53820ecc-e208-4f69-a6c4-e56d57d90471','Gastroenterology Consultation',1,3500,0,3500),
  (gen_random_uuid(),'dd220001-0001-0001-0001-000000000009','7f6be39c-a4f9-41a9-9ef8-3b1af535e6d8','Oncology Consultation',1,5000,0,5000),
  (gen_random_uuid(),'dd220001-0001-0001-0001-000000000010','be9a3334-efbb-4777-80f7-b00e90d37087','Dermatology Consultation',1,2000,0,2000),
  (gen_random_uuid(),'dd220001-0001-0001-0001-000000000010','b67806ba-24d3-4165-9526-ddb20b4b42be','Ultrasound Abdomen',1,2500,0,2500);

-- Invoice items for IPD invoices
INSERT INTO invoice_items (id, invoice_id, service_type_id, description, quantity, unit_price, discount_percent, total_price)
VALUES
  (gen_random_uuid(),'dd220001-0001-0001-0001-000000000011','f254c95c-7ed3-4155-9032-76adbad5ceb2','OT Room Charges',5,5000,0,25000),
  (gen_random_uuid(),'dd220001-0001-0001-0001-000000000012','3554e663-9a8d-4bcc-bf6d-e450e8798255','Surgeon Fee - Major',1,50000,0,50000),
  (gen_random_uuid(),'dd220001-0001-0001-0001-000000000012','f231977e-a77a-462d-bbed-cb21c25cd84e','Anesthesia - General',1,20000,0,20000),
  (gen_random_uuid(),'dd220001-0001-0001-0001-000000000013','07a3798e-bbe7-415b-8fbb-d6b8a95e84fa','Anesthesia - Spinal',1,15000,0,15000),
  (gen_random_uuid(),'dd220001-0001-0001-0001-000000000013','897b37e0-09af-41f6-848a-a7de39d85290','Dressing (Simple)',6,500,0,3000),
  (gen_random_uuid(),'dd220001-0001-0001-0001-000000000014','71115525-caed-4ec0-bbfb-f0d48eea7266','Surgeon Fee - Minor',1,25000,0,25000),
  (gen_random_uuid(),'dd220001-0001-0001-0001-000000000014','6ec31cda-4f47-488e-9aa4-6dfbc08bca7e','Recovery/PACU',2,5000,0,10000),
  (gen_random_uuid(),'dd220001-0001-0001-0001-000000000015','9c02ce1e-5eb8-442d-b887-7e31c1ac7c42','Basic Consumables Kit',1,8000,0,8000),
  (gen_random_uuid(),'dd220001-0001-0001-0001-000000000015','04486401-0970-4365-a771-efaf0c4b97b9','Plaster Cast Application',2,3500,0,7000);

-- Payments linked to billing sessions
INSERT INTO payments (id, invoice_id, payment_method_id, amount, payment_date, billing_session_id, created_at)
VALUES
  (gen_random_uuid(),'dd220001-0001-0001-0001-000000000001','f1a11111-1111-1111-1111-111111111111',2300,'2026-03-11','dd110001-0001-0001-0001-000000000001','2026-03-11T08:15:00+05:00'),
  (gen_random_uuid(),'dd220001-0001-0001-0001-000000000002','f5a55555-5555-5555-5555-555555555555',4025,'2026-03-11','dd110001-0001-0001-0001-000000000001','2026-03-11T08:45:00+05:00'),
  (gen_random_uuid(),'dd220001-0001-0001-0001-000000000003','f1a11111-1111-1111-1111-111111111111',2875,'2026-03-11','dd110001-0001-0001-0001-000000000001','2026-03-11T09:30:00+05:00'),
  (gen_random_uuid(),'dd220001-0001-0001-0001-000000000004','f1a11111-1111-1111-1111-111111111111',1525,'2026-03-11','dd110001-0001-0001-0001-000000000001','2026-03-11T10:00:00+05:00'),
  (gen_random_uuid(),'dd220001-0001-0001-0001-000000000005','f5a55555-5555-5555-5555-555555555555',5175,'2026-03-11','dd110001-0001-0001-0001-000000000001','2026-03-11T10:30:00+05:00'),
  (gen_random_uuid(),'dd220001-0001-0001-0001-000000000006','f2a22222-2222-2222-2222-222222222222',3450,'2026-03-11','dd110001-0001-0001-0001-000000000001','2026-03-11T11:15:00+05:00'),
  (gen_random_uuid(),'dd220001-0001-0001-0001-000000000011','f1a11111-1111-1111-1111-111111111111',28750,'2026-03-11','dd110001-0001-0001-0001-000000000001','2026-03-11T09:00:00+05:00'),
  (gen_random_uuid(),'dd220001-0001-0001-0001-000000000012','f4a44444-4444-4444-4444-444444444444',46300,'2026-03-11','dd110001-0001-0001-0001-000000000001','2026-03-11T11:00:00+05:00'),
  (gen_random_uuid(),'dd220001-0001-0001-0001-000000000007','f1a11111-1111-1111-1111-111111111111',2300,'2026-03-11','dd110001-0001-0001-0001-000000000002','2026-03-11T14:30:00+05:00'),
  (gen_random_uuid(),'dd220001-0001-0001-0001-000000000013','f3a33333-3333-3333-3333-333333333333',20700,'2026-03-11','dd110001-0001-0001-0001-000000000002','2026-03-11T13:00:00+05:00'),
  (gen_random_uuid(),'dd220001-0001-0001-0001-000000000010','f1a11111-1111-1111-1111-111111111111',2000,'2026-03-11','dd110001-0001-0001-0001-000000000003','2026-03-11T20:30:00+05:00');

-- Historical daily closings (Mar 8, 9, 10)
INSERT INTO daily_closings (id, organization_id, branch_id, closing_date, closing_number, total_cash_collected, total_card_collected, total_upi_collected, total_other_collected, grand_total, total_invoices, total_payments, total_sessions, opd_collections, ipd_collections, pharmacy_sales, lab_collections, radiology_collections, er_collections, other_collections, outstanding_receivables, expected_cash, actual_cash, cash_difference, status, closed_by, closed_at, approved_by, approved_at, created_at)
VALUES
  ('dd330001-0001-0001-0001-000000000001','b1111111-1111-1111-1111-111111111111','c1111111-1111-1111-1111-111111111111','2026-03-08','DC-20260308-001',45000,22000,8000,5000,80000,28,25,2,35000,25000,8000,7000,3000,2000,0,12000,45000,45000,0,'approved','00000000-0000-0000-0000-000000000030','2026-03-08T22:00:00+05:00','00000000-0000-0000-0000-000000000030','2026-03-08T22:30:00+05:00','2026-03-08T22:00:00+05:00'),
  ('dd330001-0001-0001-0001-000000000002','b1111111-1111-1111-1111-111111111111','c1111111-1111-1111-1111-111111111111','2026-03-09','DC-20260309-001',52000,28000,6500,3000,89500,35,30,3,40000,30000,9500,5500,2500,2000,0,8500,52000,51800,-200,'approved','00000000-0000-0000-0000-000000000030','2026-03-09T22:00:00+05:00','00000000-0000-0000-0000-000000000030','2026-03-09T22:15:00+05:00','2026-03-09T22:00:00+05:00'),
  ('dd330001-0001-0001-0001-000000000003','b1111111-1111-1111-1111-111111111111','c1111111-1111-1111-1111-111111111111','2026-03-10','DC-20260310-001',38000,18000,5000,2000,63000,22,18,2,28000,20000,6000,5000,2500,1500,0,15000,38000,38000,0,'approved','00000000-0000-0000-0000-000000000030','2026-03-10T22:00:00+05:00','00000000-0000-0000-0000-000000000030','2026-03-10T22:20:00+05:00','2026-03-10T22:00:00+05:00')
ON CONFLICT (id) DO NOTHING;
