
-- HR Module Seed Data for Shifa Medical Center

-- 1. ATTENDANCE (Mar 1-10, 2026) - 13 employees × 10 days
INSERT INTO attendance_records (employee_id, organization_id, branch_id, attendance_date, status, check_in, check_out, working_hours, late_minutes) VALUES
-- Mar 1 (Sun) Weekend
('551dff97-9579-4e05-81e8-210793f3fc6c','b1111111-1111-1111-1111-111111111111','c1111111-1111-1111-1111-111111111111','2026-03-01','weekend',NULL,NULL,0,0),
('f595fa73-804e-4a9a-a5d1-885331abe260','b1111111-1111-1111-1111-111111111111','c1111111-1111-1111-1111-111111111111','2026-03-01','weekend',NULL,NULL,0,0),
('7cf338d4-f5d7-47ee-a057-fac1b4f7c3e1','b1111111-1111-1111-1111-111111111111','c1111111-1111-1111-1111-111111111111','2026-03-01','weekend',NULL,NULL,0,0),
('0d54f875-d2fd-4178-adc6-09c9860bf768','b1111111-1111-1111-1111-111111111111','c1111111-1111-1111-1111-111111111111','2026-03-01','weekend',NULL,NULL,0,0),
('aaec3aff-531c-42f0-b28b-329275f6bc95','b1111111-1111-1111-1111-111111111111','c1111111-1111-1111-1111-111111111111','2026-03-01','weekend',NULL,NULL,0,0),
('44a81057-c430-45dc-ae31-46acb4f00a99','b1111111-1111-1111-1111-111111111111','c1111111-1111-1111-1111-111111111111','2026-03-01','weekend',NULL,NULL,0,0),
('ce330915-10d1-4529-8b0b-d082c19ec52b','b1111111-1111-1111-1111-111111111111','c1111111-1111-1111-1111-111111111111','2026-03-01','weekend',NULL,NULL,0,0),
('f31088a5-ffa5-47e3-bb1d-36bd076ab9d6','b1111111-1111-1111-1111-111111111111','c1111111-1111-1111-1111-111111111111','2026-03-01','weekend',NULL,NULL,0,0),
('0cc43e03-9967-49ba-9cfe-5a33ba4f3657','b1111111-1111-1111-1111-111111111111','c1111111-1111-1111-1111-111111111111','2026-03-01','weekend',NULL,NULL,0,0),
('3a8eef1e-93d8-4a59-af68-7e458d66eb18','b1111111-1111-1111-1111-111111111111','c1111111-1111-1111-1111-111111111111','2026-03-01','weekend',NULL,NULL,0,0),
('e5555555-5555-5555-5555-555555555555','b1111111-1111-1111-1111-111111111111','c1111111-1111-1111-1111-111111111111','2026-03-01','weekend',NULL,NULL,0,0),
('e6666666-6666-6666-6666-666666666666','b1111111-1111-1111-1111-111111111111','c1111111-1111-1111-1111-111111111111','2026-03-01','weekend',NULL,NULL,0,0),
('89f51cef-5111-4f27-8c90-1936d01566e8','b1111111-1111-1111-1111-111111111111','c1111111-1111-1111-1111-111111111111','2026-03-01','weekend',NULL,NULL,0,0),
-- Mar 2 Mon
('551dff97-9579-4e05-81e8-210793f3fc6c','b1111111-1111-1111-1111-111111111111','c1111111-1111-1111-1111-111111111111','2026-03-02','present','08:00','17:00',8,0),
('f595fa73-804e-4a9a-a5d1-885331abe260','b1111111-1111-1111-1111-111111111111','c1111111-1111-1111-1111-111111111111','2026-03-02','present','07:55','17:00',8,0),
('7cf338d4-f5d7-47ee-a057-fac1b4f7c3e1','b1111111-1111-1111-1111-111111111111','c1111111-1111-1111-1111-111111111111','2026-03-02','late','08:25','17:00',8,25),
('0d54f875-d2fd-4178-adc6-09c9860bf768','b1111111-1111-1111-1111-111111111111','c1111111-1111-1111-1111-111111111111','2026-03-02','present','07:50','17:00',8,0),
('aaec3aff-531c-42f0-b28b-329275f6bc95','b1111111-1111-1111-1111-111111111111','c1111111-1111-1111-1111-111111111111','2026-03-02','present','08:00','17:00',8,0),
('44a81057-c430-45dc-ae31-46acb4f00a99','b1111111-1111-1111-1111-111111111111','c1111111-1111-1111-1111-111111111111','2026-03-02','present','08:05','17:05',8,5),
('ce330915-10d1-4529-8b0b-d082c19ec52b','b1111111-1111-1111-1111-111111111111','c1111111-1111-1111-1111-111111111111','2026-03-02','absent',NULL,NULL,0,0),
('f31088a5-ffa5-47e3-bb1d-36bd076ab9d6','b1111111-1111-1111-1111-111111111111','c1111111-1111-1111-1111-111111111111','2026-03-02','present','08:00','17:00',8,0),
('0cc43e03-9967-49ba-9cfe-5a33ba4f3657','b1111111-1111-1111-1111-111111111111','c1111111-1111-1111-1111-111111111111','2026-03-02','present','08:00','17:00',8,0),
('3a8eef1e-93d8-4a59-af68-7e458d66eb18','b1111111-1111-1111-1111-111111111111','c1111111-1111-1111-1111-111111111111','2026-03-02','present','07:58','17:00',8,0),
('e5555555-5555-5555-5555-555555555555','b1111111-1111-1111-1111-111111111111','c1111111-1111-1111-1111-111111111111','2026-03-02','present','08:00','17:00',8,0),
('e6666666-6666-6666-6666-666666666666','b1111111-1111-1111-1111-111111111111','c1111111-1111-1111-1111-111111111111','2026-03-02','present','07:55','17:00',8,0),
('89f51cef-5111-4f27-8c90-1936d01566e8','b1111111-1111-1111-1111-111111111111','c1111111-1111-1111-1111-111111111111','2026-03-02','present','08:00','17:00',8,0),
-- Mar 3 Tue
('551dff97-9579-4e05-81e8-210793f3fc6c','b1111111-1111-1111-1111-111111111111','c1111111-1111-1111-1111-111111111111','2026-03-03','present','08:00','17:00',8,0),
('f595fa73-804e-4a9a-a5d1-885331abe260','b1111111-1111-1111-1111-111111111111','c1111111-1111-1111-1111-111111111111','2026-03-03','late','08:20','17:00',8,20),
('7cf338d4-f5d7-47ee-a057-fac1b4f7c3e1','b1111111-1111-1111-1111-111111111111','c1111111-1111-1111-1111-111111111111','2026-03-03','present','07:58','17:00',8,0),
('0d54f875-d2fd-4178-adc6-09c9860bf768','b1111111-1111-1111-1111-111111111111','c1111111-1111-1111-1111-111111111111','2026-03-03','present','08:00','17:00',8,0),
('aaec3aff-531c-42f0-b28b-329275f6bc95','b1111111-1111-1111-1111-111111111111','c1111111-1111-1111-1111-111111111111','2026-03-03','absent',NULL,NULL,0,0),
('44a81057-c430-45dc-ae31-46acb4f00a99','b1111111-1111-1111-1111-111111111111','c1111111-1111-1111-1111-111111111111','2026-03-03','present','08:00','17:00',8,0),
('ce330915-10d1-4529-8b0b-d082c19ec52b','b1111111-1111-1111-1111-111111111111','c1111111-1111-1111-1111-111111111111','2026-03-03','present','08:00','17:00',8,0),
('f31088a5-ffa5-47e3-bb1d-36bd076ab9d6','b1111111-1111-1111-1111-111111111111','c1111111-1111-1111-1111-111111111111','2026-03-03','present','08:00','17:00',8,0),
('0cc43e03-9967-49ba-9cfe-5a33ba4f3657','b1111111-1111-1111-1111-111111111111','c1111111-1111-1111-1111-111111111111','2026-03-03','on_leave',NULL,NULL,0,0),
('3a8eef1e-93d8-4a59-af68-7e458d66eb18','b1111111-1111-1111-1111-111111111111','c1111111-1111-1111-1111-111111111111','2026-03-03','present','08:00','17:00',8,0),
('e5555555-5555-5555-5555-555555555555','b1111111-1111-1111-1111-111111111111','c1111111-1111-1111-1111-111111111111','2026-03-03','present','07:50','17:00',8,0),
('e6666666-6666-6666-6666-666666666666','b1111111-1111-1111-1111-111111111111','c1111111-1111-1111-1111-111111111111','2026-03-03','present','08:00','17:00',8,0),
('89f51cef-5111-4f27-8c90-1936d01566e8','b1111111-1111-1111-1111-111111111111','c1111111-1111-1111-1111-111111111111','2026-03-03','late','08:15','17:00',8,15),
-- Mar 4 Wed
('551dff97-9579-4e05-81e8-210793f3fc6c','b1111111-1111-1111-1111-111111111111','c1111111-1111-1111-1111-111111111111','2026-03-04','present','08:00','17:00',8,0),
('f595fa73-804e-4a9a-a5d1-885331abe260','b1111111-1111-1111-1111-111111111111','c1111111-1111-1111-1111-111111111111','2026-03-04','present','08:00','17:00',8,0),
('7cf338d4-f5d7-47ee-a057-fac1b4f7c3e1','b1111111-1111-1111-1111-111111111111','c1111111-1111-1111-1111-111111111111','2026-03-04','present','08:00','17:00',8,0),
('0d54f875-d2fd-4178-adc6-09c9860bf768','b1111111-1111-1111-1111-111111111111','c1111111-1111-1111-1111-111111111111','2026-03-04','late','08:30','17:00',8,30),
('aaec3aff-531c-42f0-b28b-329275f6bc95','b1111111-1111-1111-1111-111111111111','c1111111-1111-1111-1111-111111111111','2026-03-04','present','08:00','17:00',8,0),
('44a81057-c430-45dc-ae31-46acb4f00a99','b1111111-1111-1111-1111-111111111111','c1111111-1111-1111-1111-111111111111','2026-03-04','present','08:00','17:00',8,0),
('ce330915-10d1-4529-8b0b-d082c19ec52b','b1111111-1111-1111-1111-111111111111','c1111111-1111-1111-1111-111111111111','2026-03-04','present','07:55','17:00',8,0),
('f31088a5-ffa5-47e3-bb1d-36bd076ab9d6','b1111111-1111-1111-1111-111111111111','c1111111-1111-1111-1111-111111111111','2026-03-04','absent',NULL,NULL,0,0),
('0cc43e03-9967-49ba-9cfe-5a33ba4f3657','b1111111-1111-1111-1111-111111111111','c1111111-1111-1111-1111-111111111111','2026-03-04','on_leave',NULL,NULL,0,0),
('3a8eef1e-93d8-4a59-af68-7e458d66eb18','b1111111-1111-1111-1111-111111111111','c1111111-1111-1111-1111-111111111111','2026-03-04','present','08:00','17:00',8,0),
('e5555555-5555-5555-5555-555555555555','b1111111-1111-1111-1111-111111111111','c1111111-1111-1111-1111-111111111111','2026-03-04','present','08:00','17:00',8,0),
('e6666666-6666-6666-6666-666666666666','b1111111-1111-1111-1111-111111111111','c1111111-1111-1111-1111-111111111111','2026-03-04','late','08:18','17:00',8,18),
('89f51cef-5111-4f27-8c90-1936d01566e8','b1111111-1111-1111-1111-111111111111','c1111111-1111-1111-1111-111111111111','2026-03-04','present','08:00','17:00',8,0),
-- Mar 5 Thu
('551dff97-9579-4e05-81e8-210793f3fc6c','b1111111-1111-1111-1111-111111111111','c1111111-1111-1111-1111-111111111111','2026-03-05','present','08:00','17:00',8,0),
('f595fa73-804e-4a9a-a5d1-885331abe260','b1111111-1111-1111-1111-111111111111','c1111111-1111-1111-1111-111111111111','2026-03-05','present','08:00','17:00',8,0),
('7cf338d4-f5d7-47ee-a057-fac1b4f7c3e1','b1111111-1111-1111-1111-111111111111','c1111111-1111-1111-1111-111111111111','2026-03-05','present','08:00','17:00',8,0),
('0d54f875-d2fd-4178-adc6-09c9860bf768','b1111111-1111-1111-1111-111111111111','c1111111-1111-1111-1111-111111111111','2026-03-05','present','08:00','17:00',8,0),
('aaec3aff-531c-42f0-b28b-329275f6bc95','b1111111-1111-1111-1111-111111111111','c1111111-1111-1111-1111-111111111111','2026-03-05','present','07:50','17:00',8,0),
('44a81057-c430-45dc-ae31-46acb4f00a99','b1111111-1111-1111-1111-111111111111','c1111111-1111-1111-1111-111111111111','2026-03-05','present','08:00','17:00',8,0),
('ce330915-10d1-4529-8b0b-d082c19ec52b','b1111111-1111-1111-1111-111111111111','c1111111-1111-1111-1111-111111111111','2026-03-05','present','08:00','17:00',8,0),
('f31088a5-ffa5-47e3-bb1d-36bd076ab9d6','b1111111-1111-1111-1111-111111111111','c1111111-1111-1111-1111-111111111111','2026-03-05','present','08:00','17:00',8,0),
('0cc43e03-9967-49ba-9cfe-5a33ba4f3657','b1111111-1111-1111-1111-111111111111','c1111111-1111-1111-1111-111111111111','2026-03-05','present','08:00','17:00',8,0),
('3a8eef1e-93d8-4a59-af68-7e458d66eb18','b1111111-1111-1111-1111-111111111111','c1111111-1111-1111-1111-111111111111','2026-03-05','late','08:22','17:00',8,22),
('e5555555-5555-5555-5555-555555555555','b1111111-1111-1111-1111-111111111111','c1111111-1111-1111-1111-111111111111','2026-03-05','absent',NULL,NULL,0,0),
('e6666666-6666-6666-6666-666666666666','b1111111-1111-1111-1111-111111111111','c1111111-1111-1111-1111-111111111111','2026-03-05','present','08:00','17:00',8,0),
('89f51cef-5111-4f27-8c90-1936d01566e8','b1111111-1111-1111-1111-111111111111','c1111111-1111-1111-1111-111111111111','2026-03-05','present','08:00','17:00',8,0),
-- Mar 6 Fri
('551dff97-9579-4e05-81e8-210793f3fc6c','b1111111-1111-1111-1111-111111111111','c1111111-1111-1111-1111-111111111111','2026-03-06','present','08:00','17:00',8,0),
('f595fa73-804e-4a9a-a5d1-885331abe260','b1111111-1111-1111-1111-111111111111','c1111111-1111-1111-1111-111111111111','2026-03-06','present','08:00','17:00',8,0),
('7cf338d4-f5d7-47ee-a057-fac1b4f7c3e1','b1111111-1111-1111-1111-111111111111','c1111111-1111-1111-1111-111111111111','2026-03-06','present','08:00','17:00',8,0),
('0d54f875-d2fd-4178-adc6-09c9860bf768','b1111111-1111-1111-1111-111111111111','c1111111-1111-1111-1111-111111111111','2026-03-06','present','08:00','17:00',8,0),
('aaec3aff-531c-42f0-b28b-329275f6bc95','b1111111-1111-1111-1111-111111111111','c1111111-1111-1111-1111-111111111111','2026-03-06','present','08:00','17:00',8,0),
('44a81057-c430-45dc-ae31-46acb4f00a99','b1111111-1111-1111-1111-111111111111','c1111111-1111-1111-1111-111111111111','2026-03-06','on_leave',NULL,NULL,0,0),
('ce330915-10d1-4529-8b0b-d082c19ec52b','b1111111-1111-1111-1111-111111111111','c1111111-1111-1111-1111-111111111111','2026-03-06','present','08:00','17:00',8,0),
('f31088a5-ffa5-47e3-bb1d-36bd076ab9d6','b1111111-1111-1111-1111-111111111111','c1111111-1111-1111-1111-111111111111','2026-03-06','present','07:55','17:00',8,0),
('0cc43e03-9967-49ba-9cfe-5a33ba4f3657','b1111111-1111-1111-1111-111111111111','c1111111-1111-1111-1111-111111111111','2026-03-06','present','08:00','17:00',8,0),
('3a8eef1e-93d8-4a59-af68-7e458d66eb18','b1111111-1111-1111-1111-111111111111','c1111111-1111-1111-1111-111111111111','2026-03-06','present','08:00','17:00',8,0),
('e5555555-5555-5555-5555-555555555555','b1111111-1111-1111-1111-111111111111','c1111111-1111-1111-1111-111111111111','2026-03-06','present','08:00','17:00',8,0),
('e6666666-6666-6666-6666-666666666666','b1111111-1111-1111-1111-111111111111','c1111111-1111-1111-1111-111111111111','2026-03-06','present','08:00','17:00',8,0),
('89f51cef-5111-4f27-8c90-1936d01566e8','b1111111-1111-1111-1111-111111111111','c1111111-1111-1111-1111-111111111111','2026-03-06','present','08:00','17:00',8,0),
-- Mar 7 Sat Weekend
('551dff97-9579-4e05-81e8-210793f3fc6c','b1111111-1111-1111-1111-111111111111','c1111111-1111-1111-1111-111111111111','2026-03-07','weekend',NULL,NULL,0,0),
('f595fa73-804e-4a9a-a5d1-885331abe260','b1111111-1111-1111-1111-111111111111','c1111111-1111-1111-1111-111111111111','2026-03-07','weekend',NULL,NULL,0,0),
('7cf338d4-f5d7-47ee-a057-fac1b4f7c3e1','b1111111-1111-1111-1111-111111111111','c1111111-1111-1111-1111-111111111111','2026-03-07','weekend',NULL,NULL,0,0),
('0d54f875-d2fd-4178-adc6-09c9860bf768','b1111111-1111-1111-1111-111111111111','c1111111-1111-1111-1111-111111111111','2026-03-07','weekend',NULL,NULL,0,0),
('aaec3aff-531c-42f0-b28b-329275f6bc95','b1111111-1111-1111-1111-111111111111','c1111111-1111-1111-1111-111111111111','2026-03-07','weekend',NULL,NULL,0,0),
('44a81057-c430-45dc-ae31-46acb4f00a99','b1111111-1111-1111-1111-111111111111','c1111111-1111-1111-1111-111111111111','2026-03-07','weekend',NULL,NULL,0,0),
('ce330915-10d1-4529-8b0b-d082c19ec52b','b1111111-1111-1111-1111-111111111111','c1111111-1111-1111-1111-111111111111','2026-03-07','weekend',NULL,NULL,0,0),
('f31088a5-ffa5-47e3-bb1d-36bd076ab9d6','b1111111-1111-1111-1111-111111111111','c1111111-1111-1111-1111-111111111111','2026-03-07','weekend',NULL,NULL,0,0),
('0cc43e03-9967-49ba-9cfe-5a33ba4f3657','b1111111-1111-1111-1111-111111111111','c1111111-1111-1111-1111-111111111111','2026-03-07','weekend',NULL,NULL,0,0),
('3a8eef1e-93d8-4a59-af68-7e458d66eb18','b1111111-1111-1111-1111-111111111111','c1111111-1111-1111-1111-111111111111','2026-03-07','weekend',NULL,NULL,0,0),
('e5555555-5555-5555-5555-555555555555','b1111111-1111-1111-1111-111111111111','c1111111-1111-1111-1111-111111111111','2026-03-07','weekend',NULL,NULL,0,0),
('e6666666-6666-6666-6666-666666666666','b1111111-1111-1111-1111-111111111111','c1111111-1111-1111-1111-111111111111','2026-03-07','weekend',NULL,NULL,0,0),
('89f51cef-5111-4f27-8c90-1936d01566e8','b1111111-1111-1111-1111-111111111111','c1111111-1111-1111-1111-111111111111','2026-03-07','weekend',NULL,NULL,0,0),
-- Mar 8 Sun Weekend
('551dff97-9579-4e05-81e8-210793f3fc6c','b1111111-1111-1111-1111-111111111111','c1111111-1111-1111-1111-111111111111','2026-03-08','weekend',NULL,NULL,0,0),
('f595fa73-804e-4a9a-a5d1-885331abe260','b1111111-1111-1111-1111-111111111111','c1111111-1111-1111-1111-111111111111','2026-03-08','weekend',NULL,NULL,0,0),
('7cf338d4-f5d7-47ee-a057-fac1b4f7c3e1','b1111111-1111-1111-1111-111111111111','c1111111-1111-1111-1111-111111111111','2026-03-08','weekend',NULL,NULL,0,0),
('0d54f875-d2fd-4178-adc6-09c9860bf768','b1111111-1111-1111-1111-111111111111','c1111111-1111-1111-1111-111111111111','2026-03-08','weekend',NULL,NULL,0,0),
('aaec3aff-531c-42f0-b28b-329275f6bc95','b1111111-1111-1111-1111-111111111111','c1111111-1111-1111-1111-111111111111','2026-03-08','weekend',NULL,NULL,0,0),
('44a81057-c430-45dc-ae31-46acb4f00a99','b1111111-1111-1111-1111-111111111111','c1111111-1111-1111-1111-111111111111','2026-03-08','weekend',NULL,NULL,0,0),
('ce330915-10d1-4529-8b0b-d082c19ec52b','b1111111-1111-1111-1111-111111111111','c1111111-1111-1111-1111-111111111111','2026-03-08','weekend',NULL,NULL,0,0),
('f31088a5-ffa5-47e3-bb1d-36bd076ab9d6','b1111111-1111-1111-1111-111111111111','c1111111-1111-1111-1111-111111111111','2026-03-08','weekend',NULL,NULL,0,0),
('0cc43e03-9967-49ba-9cfe-5a33ba4f3657','b1111111-1111-1111-1111-111111111111','c1111111-1111-1111-1111-111111111111','2026-03-08','weekend',NULL,NULL,0,0),
('3a8eef1e-93d8-4a59-af68-7e458d66eb18','b1111111-1111-1111-1111-111111111111','c1111111-1111-1111-1111-111111111111','2026-03-08','weekend',NULL,NULL,0,0),
('e5555555-5555-5555-5555-555555555555','b1111111-1111-1111-1111-111111111111','c1111111-1111-1111-1111-111111111111','2026-03-08','weekend',NULL,NULL,0,0),
('e6666666-6666-6666-6666-666666666666','b1111111-1111-1111-1111-111111111111','c1111111-1111-1111-1111-111111111111','2026-03-08','weekend',NULL,NULL,0,0),
('89f51cef-5111-4f27-8c90-1936d01566e8','b1111111-1111-1111-1111-111111111111','c1111111-1111-1111-1111-111111111111','2026-03-08','weekend',NULL,NULL,0,0),
-- Mar 9 Mon
('551dff97-9579-4e05-81e8-210793f3fc6c','b1111111-1111-1111-1111-111111111111','c1111111-1111-1111-1111-111111111111','2026-03-09','present','08:00','17:00',8,0),
('f595fa73-804e-4a9a-a5d1-885331abe260','b1111111-1111-1111-1111-111111111111','c1111111-1111-1111-1111-111111111111','2026-03-09','present','08:00','17:00',8,0),
('7cf338d4-f5d7-47ee-a057-fac1b4f7c3e1','b1111111-1111-1111-1111-111111111111','c1111111-1111-1111-1111-111111111111','2026-03-09','present','08:00','17:00',8,0),
('0d54f875-d2fd-4178-adc6-09c9860bf768','b1111111-1111-1111-1111-111111111111','c1111111-1111-1111-1111-111111111111','2026-03-09','present','08:00','17:00',8,0),
('aaec3aff-531c-42f0-b28b-329275f6bc95','b1111111-1111-1111-1111-111111111111','c1111111-1111-1111-1111-111111111111','2026-03-09','present','08:00','17:00',8,0),
('44a81057-c430-45dc-ae31-46acb4f00a99','b1111111-1111-1111-1111-111111111111','c1111111-1111-1111-1111-111111111111','2026-03-09','present','08:00','17:00',8,0),
('ce330915-10d1-4529-8b0b-d082c19ec52b','b1111111-1111-1111-1111-111111111111','c1111111-1111-1111-1111-111111111111','2026-03-09','late','08:35','17:00',8,35),
('f31088a5-ffa5-47e3-bb1d-36bd076ab9d6','b1111111-1111-1111-1111-111111111111','c1111111-1111-1111-1111-111111111111','2026-03-09','present','08:00','17:00',8,0),
('0cc43e03-9967-49ba-9cfe-5a33ba4f3657','b1111111-1111-1111-1111-111111111111','c1111111-1111-1111-1111-111111111111','2026-03-09','present','08:00','17:00',8,0),
('3a8eef1e-93d8-4a59-af68-7e458d66eb18','b1111111-1111-1111-1111-111111111111','c1111111-1111-1111-1111-111111111111','2026-03-09','present','08:00','17:00',8,0),
('e5555555-5555-5555-5555-555555555555','b1111111-1111-1111-1111-111111111111','c1111111-1111-1111-1111-111111111111','2026-03-09','present','08:00','17:00',8,0),
('e6666666-6666-6666-6666-666666666666','b1111111-1111-1111-1111-111111111111','c1111111-1111-1111-1111-111111111111','2026-03-09','present','08:00','17:00',8,0),
('89f51cef-5111-4f27-8c90-1936d01566e8','b1111111-1111-1111-1111-111111111111','c1111111-1111-1111-1111-111111111111','2026-03-09','absent',NULL,NULL,0,0),
-- Mar 10 Tue
('551dff97-9579-4e05-81e8-210793f3fc6c','b1111111-1111-1111-1111-111111111111','c1111111-1111-1111-1111-111111111111','2026-03-10','present','08:00','17:00',8,0),
('f595fa73-804e-4a9a-a5d1-885331abe260','b1111111-1111-1111-1111-111111111111','c1111111-1111-1111-1111-111111111111','2026-03-10','present','07:58','17:00',8,0),
('7cf338d4-f5d7-47ee-a057-fac1b4f7c3e1','b1111111-1111-1111-1111-111111111111','c1111111-1111-1111-1111-111111111111','2026-03-10','present','08:00','17:00',8,0),
('0d54f875-d2fd-4178-adc6-09c9860bf768','b1111111-1111-1111-1111-111111111111','c1111111-1111-1111-1111-111111111111','2026-03-10','present','08:00','17:00',8,0),
('aaec3aff-531c-42f0-b28b-329275f6bc95','b1111111-1111-1111-1111-111111111111','c1111111-1111-1111-1111-111111111111','2026-03-10','present','08:00','17:00',8,0),
('44a81057-c430-45dc-ae31-46acb4f00a99','b1111111-1111-1111-1111-111111111111','c1111111-1111-1111-1111-111111111111','2026-03-10','present','08:00','17:00',8,0),
('ce330915-10d1-4529-8b0b-d082c19ec52b','b1111111-1111-1111-1111-111111111111','c1111111-1111-1111-1111-111111111111','2026-03-10','present','08:00','17:00',8,0),
('f31088a5-ffa5-47e3-bb1d-36bd076ab9d6','b1111111-1111-1111-1111-111111111111','c1111111-1111-1111-1111-111111111111','2026-03-10','present','08:00','17:00',8,0),
('0cc43e03-9967-49ba-9cfe-5a33ba4f3657','b1111111-1111-1111-1111-111111111111','c1111111-1111-1111-1111-111111111111','2026-03-10','present','08:00','17:00',8,0),
('3a8eef1e-93d8-4a59-af68-7e458d66eb18','b1111111-1111-1111-1111-111111111111','c1111111-1111-1111-1111-111111111111','2026-03-10','present','08:00','17:00',8,0),
('e5555555-5555-5555-5555-555555555555','b1111111-1111-1111-1111-111111111111','c1111111-1111-1111-1111-111111111111','2026-03-10','present','08:00','17:00',8,0),
('e6666666-6666-6666-6666-666666666666','b1111111-1111-1111-1111-111111111111','c1111111-1111-1111-1111-111111111111','2026-03-10','present','08:00','17:00',8,0),
('89f51cef-5111-4f27-8c90-1936d01566e8','b1111111-1111-1111-1111-111111111111','c1111111-1111-1111-1111-111111111111','2026-03-10','present','08:00','17:00',8,0);

-- 2. LEAVE BALANCES
INSERT INTO leave_balances (employee_id, leave_type_id, year, entitled, carried_forward, adjustment, used, pending) VALUES
('551dff97-9579-4e05-81e8-210793f3fc6c','a5d284e9-7075-45ac-b40d-30f6459ac784',2026,14,2,0,0,0),
('551dff97-9579-4e05-81e8-210793f3fc6c','1e384dad-7139-45c2-b9ee-1f86b36d6949',2026,10,0,0,0,0),
('551dff97-9579-4e05-81e8-210793f3fc6c','99c30c39-97db-4673-b0ff-3e0fb6a5ef30',2026,7,0,0,0,0),
('f595fa73-804e-4a9a-a5d1-885331abe260','a5d284e9-7075-45ac-b40d-30f6459ac784',2026,14,0,0,2,0),
('f595fa73-804e-4a9a-a5d1-885331abe260','1e384dad-7139-45c2-b9ee-1f86b36d6949',2026,10,0,0,1,0),
('f595fa73-804e-4a9a-a5d1-885331abe260','99c30c39-97db-4673-b0ff-3e0fb6a5ef30',2026,7,0,0,0,0),
('7cf338d4-f5d7-47ee-a057-fac1b4f7c3e1','a5d284e9-7075-45ac-b40d-30f6459ac784',2026,14,0,0,0,0),
('7cf338d4-f5d7-47ee-a057-fac1b4f7c3e1','1e384dad-7139-45c2-b9ee-1f86b36d6949',2026,10,0,0,0,0),
('7cf338d4-f5d7-47ee-a057-fac1b4f7c3e1','99c30c39-97db-4673-b0ff-3e0fb6a5ef30',2026,7,0,0,0,0),
('0d54f875-d2fd-4178-adc6-09c9860bf768','a5d284e9-7075-45ac-b40d-30f6459ac784',2026,14,0,0,0,0),
('0d54f875-d2fd-4178-adc6-09c9860bf768','1e384dad-7139-45c2-b9ee-1f86b36d6949',2026,10,0,0,0,0),
('0d54f875-d2fd-4178-adc6-09c9860bf768','99c30c39-97db-4673-b0ff-3e0fb6a5ef30',2026,7,0,0,0,0),
('aaec3aff-531c-42f0-b28b-329275f6bc95','a5d284e9-7075-45ac-b40d-30f6459ac784',2026,14,0,0,0,0),
('aaec3aff-531c-42f0-b28b-329275f6bc95','1e384dad-7139-45c2-b9ee-1f86b36d6949',2026,10,0,0,0,0),
('aaec3aff-531c-42f0-b28b-329275f6bc95','99c30c39-97db-4673-b0ff-3e0fb6a5ef30',2026,7,0,0,0,0),
('44a81057-c430-45dc-ae31-46acb4f00a99','a5d284e9-7075-45ac-b40d-30f6459ac784',2026,14,0,0,1,0),
('44a81057-c430-45dc-ae31-46acb4f00a99','1e384dad-7139-45c2-b9ee-1f86b36d6949',2026,10,0,0,0,0),
('44a81057-c430-45dc-ae31-46acb4f00a99','99c30c39-97db-4673-b0ff-3e0fb6a5ef30',2026,7,0,0,0,0),
('ce330915-10d1-4529-8b0b-d082c19ec52b','a5d284e9-7075-45ac-b40d-30f6459ac784',2026,14,0,0,0,0),
('ce330915-10d1-4529-8b0b-d082c19ec52b','1e384dad-7139-45c2-b9ee-1f86b36d6949',2026,10,0,0,0,0),
('ce330915-10d1-4529-8b0b-d082c19ec52b','99c30c39-97db-4673-b0ff-3e0fb6a5ef30',2026,7,0,0,0,0),
('0cc43e03-9967-49ba-9cfe-5a33ba4f3657','a5d284e9-7075-45ac-b40d-30f6459ac784',2026,14,0,0,2,0),
('0cc43e03-9967-49ba-9cfe-5a33ba4f3657','1e384dad-7139-45c2-b9ee-1f86b36d6949',2026,10,0,0,0,0),
('0cc43e03-9967-49ba-9cfe-5a33ba4f3657','99c30c39-97db-4673-b0ff-3e0fb6a5ef30',2026,7,0,0,0,0);

-- 3. LEAVE REQUESTS
INSERT INTO leave_requests (employee_id, organization_id, leave_type_id, start_date, end_date, total_days, reason, status) VALUES
('f595fa73-804e-4a9a-a5d1-885331abe260','b1111111-1111-1111-1111-111111111111','a5d284e9-7075-45ac-b40d-30f6459ac784','2026-02-15','2026-02-16',2,'Family function','approved'),
('f595fa73-804e-4a9a-a5d1-885331abe260','b1111111-1111-1111-1111-111111111111','1e384dad-7139-45c2-b9ee-1f86b36d6949','2026-02-20','2026-02-20',1,'Medical appointment','approved'),
('0cc43e03-9967-49ba-9cfe-5a33ba4f3657','b1111111-1111-1111-1111-111111111111','a5d284e9-7075-45ac-b40d-30f6459ac784','2026-03-03','2026-03-04',2,'Personal work','approved'),
('44a81057-c430-45dc-ae31-46acb4f00a99','b1111111-1111-1111-1111-111111111111','99c30c39-97db-4673-b0ff-3e0fb6a5ef30','2026-03-06','2026-03-06',1,'Personal emergency','approved'),
('551dff97-9579-4e05-81e8-210793f3fc6c','b1111111-1111-1111-1111-111111111111','a5d284e9-7075-45ac-b40d-30f6459ac784','2026-03-20','2026-03-22',3,'Vacation','pending');

-- 4. CONTRACTS
INSERT INTO employee_contracts (employee_id, organization_id, contract_type, start_date, end_date, probation_end_date, is_probation_completed, salary_amount, status) VALUES
('551dff97-9579-4e05-81e8-210793f3fc6c','b1111111-1111-1111-1111-111111111111','permanent','2024-01-01',NULL,NULL,true,25000,'active'),
('f595fa73-804e-4a9a-a5d1-885331abe260','b1111111-1111-1111-1111-111111111111','permanent','2023-06-01',NULL,NULL,true,35000,'active'),
('7cf338d4-f5d7-47ee-a057-fac1b4f7c3e1','b1111111-1111-1111-1111-111111111111','permanent','2023-01-15',NULL,NULL,true,30000,'active'),
('0d54f875-d2fd-4178-adc6-09c9860bf768','b1111111-1111-1111-1111-111111111111','contract','2025-06-01','2026-05-31','2025-09-01',true,40000,'active'),
('aaec3aff-531c-42f0-b28b-329275f6bc95','b1111111-1111-1111-1111-111111111111','permanent','2024-03-01',NULL,NULL,true,20000,'active'),
('44a81057-c430-45dc-ae31-46acb4f00a99','b1111111-1111-1111-1111-111111111111','permanent','2022-09-01',NULL,NULL,true,22000,'active'),
('ce330915-10d1-4529-8b0b-d082c19ec52b','b1111111-1111-1111-1111-111111111111','contract','2025-01-01','2026-12-31','2025-04-01',true,35000,'active'),
('f31088a5-ffa5-47e3-bb1d-36bd076ab9d6','b1111111-1111-1111-1111-111111111111','permanent','2024-06-01',NULL,NULL,true,28000,'active'),
('e5555555-5555-5555-5555-555555555555','b1111111-1111-1111-1111-111111111111','probation','2025-11-01','2026-04-30','2026-04-30',false,45000,'active'),
('89f51cef-5111-4f27-8c90-1936d01566e8','b1111111-1111-1111-1111-111111111111','permanent','2024-08-01',NULL,NULL,true,18000,'active');

-- 5. LICENSES
INSERT INTO employee_licenses (employee_id, license_type, license_number, issuing_authority, issue_date, expiry_date, is_verified) VALUES
('f595fa73-804e-4a9a-a5d1-885331abe260','Medical License','ML-2023-4521','Pakistan Medical & Dental Council','2023-06-01','2026-05-31',true),
('ce330915-10d1-4529-8b0b-d082c19ec52b','Medical License','ML-2024-7832','Pakistan Medical & Dental Council','2024-01-01','2027-12-31',true),
('0d54f875-d2fd-4178-adc6-09c9860bf768','Medical License','ML-2022-1190','Pakistan Medical & Dental Council','2022-09-01','2026-08-31',true),
('e5555555-5555-5555-5555-555555555555','Medical License','ML-2025-9901','Pakistan Medical & Dental Council','2025-11-01','2026-10-31',true),
('7cf338d4-f5d7-47ee-a057-fac1b4f7c3e1','Nursing License','NL-2023-3344','Pakistan Nursing Council','2023-01-15','2026-01-14',false),
('f31088a5-ffa5-47e3-bb1d-36bd076ab9d6','Nursing License','NL-2024-5566','Pakistan Nursing Council','2024-06-01','2027-05-31',true),
('e6666666-6666-6666-6666-666666666666','Nursing License','NL-2025-7788','Pakistan Nursing Council','2025-01-01','2028-12-31',true),
('aaec3aff-531c-42f0-b28b-329275f6bc95','Lab Technician License','LT-2024-2233','Allied Health Board','2024-03-01','2027-02-28',true);

-- 6. MEDICAL FITNESS
INSERT INTO medical_fitness_records (organization_id, employee_id, examination_date, examination_type, examiner_name, examiner_facility, fitness_status, next_examination_date) VALUES
('b1111111-1111-1111-1111-111111111111','551dff97-9579-4e05-81e8-210793f3fc6c','2026-01-15','annual','Dr. Kamran','City Hospital','fit','2027-01-15'),
('b1111111-1111-1111-1111-111111111111','f595fa73-804e-4a9a-a5d1-885331abe260','2026-02-01','annual','Dr. Kamran','City Hospital','fit','2027-02-01'),
('b1111111-1111-1111-1111-111111111111','7cf338d4-f5d7-47ee-a057-fac1b4f7c3e1','2026-01-20','annual','Dr. Kamran','City Hospital','fit_with_restrictions','2026-07-20'),
('b1111111-1111-1111-1111-111111111111','0d54f875-d2fd-4178-adc6-09c9860bf768','2026-02-10','annual','Dr. Kamran','City Hospital','fit','2027-02-10'),
('b1111111-1111-1111-1111-111111111111','e5555555-5555-5555-5555-555555555555','2025-11-15','pre_employment','Dr. Kamran','City Hospital','fit','2026-11-15'),
('b1111111-1111-1111-1111-111111111111','e6666666-6666-6666-6666-666666666666','2026-01-10','annual','Dr. Kamran','City Hospital','fit','2027-01-10');

-- 7. VACCINATIONS
INSERT INTO vaccination_records (organization_id, employee_id, vaccine_name, vaccine_type, dose_number, administered_date, administered_by, batch_number, next_due_date) VALUES
('b1111111-1111-1111-1111-111111111111','f595fa73-804e-4a9a-a5d1-885331abe260','Hepatitis B','hepatitis_b',1,'2023-06-15','Dr. Kamran','HB-2023-001','2023-07-15'),
('b1111111-1111-1111-1111-111111111111','f595fa73-804e-4a9a-a5d1-885331abe260','Hepatitis B','hepatitis_b',2,'2023-07-15','Dr. Kamran','HB-2023-002','2023-12-15'),
('b1111111-1111-1111-1111-111111111111','f595fa73-804e-4a9a-a5d1-885331abe260','Hepatitis B','hepatitis_b',3,'2023-12-15','Dr. Kamran','HB-2023-003',NULL),
('b1111111-1111-1111-1111-111111111111','7cf338d4-f5d7-47ee-a057-fac1b4f7c3e1','Hepatitis B','hepatitis_b',1,'2023-02-01','Dr. Kamran','HB-2023-010','2023-03-01'),
('b1111111-1111-1111-1111-111111111111','7cf338d4-f5d7-47ee-a057-fac1b4f7c3e1','COVID-19 Booster','covid_19',1,'2025-09-01','Dr. Kamran','CV-2025-100',NULL),
('b1111111-1111-1111-1111-111111111111','0d54f875-d2fd-4178-adc6-09c9860bf768','Hepatitis B','hepatitis_b',1,'2022-10-01','Dr. Kamran','HB-2022-050','2022-11-01'),
('b1111111-1111-1111-1111-111111111111','e5555555-5555-5555-5555-555555555555','Influenza','influenza',1,'2025-11-20','Dr. Kamran','FL-2025-200','2026-11-20'),
('b1111111-1111-1111-1111-111111111111','e6666666-6666-6666-6666-666666666666','COVID-19 Booster','covid_19',1,'2025-08-01','Dr. Kamran','CV-2025-300',NULL),
('b1111111-1111-1111-1111-111111111111','f31088a5-ffa5-47e3-bb1d-36bd076ab9d6','Hepatitis B','hepatitis_b',1,'2024-07-01','Dr. Kamran','HB-2024-060','2024-08-01'),
('b1111111-1111-1111-1111-111111111111','aaec3aff-531c-42f0-b28b-329275f6bc95','Hepatitis B','hepatitis_b',1,'2024-04-01','Dr. Kamran','HB-2024-070','2024-05-01');

-- 8. TRAINING
INSERT INTO training_programs (organization_id, name, description, category, is_mandatory, duration_hours, instructor, is_active) VALUES
('b1111111-1111-1111-1111-111111111111','Basic Life Support (BLS)','CPR and emergency response training','bls_acls',true,8,'Dr. Fatima Khan',true),
('b1111111-1111-1111-1111-111111111111','Infection Control & Prevention','Hospital infection control protocols','infection_control',true,4,'Zainab Malik',true),
('b1111111-1111-1111-1111-111111111111','Fire Safety & Emergency Evacuation','Fire safety protocols','safety',true,3,'External Trainer',true),
('b1111111-1111-1111-1111-111111111111','Patient Data Privacy','Handling patient data and privacy','general',false,2,'Ahmed Razaa',true);

-- 9. HR LETTER TEMPLATES
INSERT INTO hr_letter_templates (organization_id, name, letter_type, template_body, variables, is_active) VALUES
('b1111111-1111-1111-1111-111111111111','Standard Offer Letter','offer_letter','Dear {{employee_name}},\n\nWe are pleased to offer you the position of {{designation}} in the {{department}} department.\n\nStart date: {{join_date}}\nSalary: {{salary}}\n\nBest regards,\nHR Department','{"employee_name","designation","department","join_date","salary"}',true),
('b1111111-1111-1111-1111-111111111111','Experience Certificate','experience_certificate','To Whom It May Concern,\n\nThis certifies that {{employee_name}} ({{employee_number}}) was employed as {{designation}} from {{join_date}} to {{end_date}}.\n\nHR Department','{"employee_name","employee_number","designation","join_date","end_date"}',true),
('b1111111-1111-1111-1111-111111111111','No Objection Certificate','noc','To Whom It May Concern,\n\nShifa Medical Center has no objection to {{employee_name}} ({{employee_number}}) for {{purpose}}.\n\nHR Department','{"employee_name","employee_number","purpose"}',true),
('b1111111-1111-1111-1111-111111111111','Warning Letter','warning_letter','Dear {{employee_name}},\n\nThis is a formal warning regarding {{violation}}.\n\nIncident Date: {{incident_date}}\nDetails: {{details}}\n\nHR Department','{"employee_name","violation","incident_date","details"}',true);

-- 10. DISCIPLINARY ACTIONS (with issued_by)
INSERT INTO disciplinary_actions (organization_id, employee_id, action_type, incident_date, incident_description, policy_violated, action_taken, issued_date, issued_by) VALUES
('b1111111-1111-1111-1111-111111111111','ce330915-10d1-4529-8b0b-d082c19ec52b','written_warning','2026-02-15','Repeated late arrivals (3 times in one week)','Attendance Policy Section 4.2','Written warning issued. Employee counseled on punctuality.','2026-02-16','00000000-0000-0000-0000-000000000030'),
('b1111111-1111-1111-1111-111111111111','89f51cef-5111-4f27-8c90-1936d01566e8','verbal_warning','2026-01-20','Improper uniform during shift','Dress Code Policy Section 2.1','Verbal counseling provided.','2026-01-20','00000000-0000-0000-0000-000000000030');
