-- Budget Periods
INSERT INTO budget_periods (id, organization_id, fiscal_year_id, name, start_date, end_date, is_closed)
VALUES
  ('f2a3653b-817e-426a-aba4-d23772a2d479', 'b1111111-1111-1111-1111-111111111111', 'a2a599d0-09dd-4f62-b561-2ac968f8923a', 'Q1 2026', '2026-01-01', '2026-03-31', false),
  ('726e694a-8f60-4d7f-948d-c1f3f4649caa', 'b1111111-1111-1111-1111-111111111111', 'a2a599d0-09dd-4f62-b561-2ac968f8923a', 'Q2 2026', '2026-04-01', '2026-06-30', false),
  ('58ed08b7-4267-4993-822c-b67b75f63807', 'b1111111-1111-1111-1111-111111111111', 'a2a599d0-09dd-4f62-b561-2ac968f8923a', 'Q3 2026', '2026-07-01', '2026-09-30', false),
  ('5b931fc0-2822-43d8-9090-3e4d53944333', 'b1111111-1111-1111-1111-111111111111', 'a2a599d0-09dd-4f62-b561-2ac968f8923a', 'Q4 2026', '2026-10-01', '2026-12-31', false);

-- Budget Allocations
INSERT INTO budget_allocations (budget_period_id, account_id, branch_id, allocated_amount, notes, created_by) VALUES
  ('f2a3653b-817e-426a-aba4-d23772a2d479', 'a2a8e403-2d52-4ce4-8b2c-6756000b5923', 'c1111111-1111-1111-1111-111111111111', 500000, 'Salary budget Q1', '00000000-0000-0000-0000-000000000030'),
  ('f2a3653b-817e-426a-aba4-d23772a2d479', '8fbc902f-3649-48f2-aed5-3f18ec232849', 'c1111111-1111-1111-1111-111111111111', 150000, 'Admin expenses Q1', '00000000-0000-0000-0000-000000000030'),
  ('f2a3653b-817e-426a-aba4-d23772a2d479', 'f2fee634-84f6-4b20-a84a-6234cb5ef786', 'c1111111-1111-1111-1111-111111111111', 300000, 'Medical supplies Q1', '00000000-0000-0000-0000-000000000030'),
  ('726e694a-8f60-4d7f-948d-c1f3f4649caa', 'a2a8e403-2d52-4ce4-8b2c-6756000b5923', 'c1111111-1111-1111-1111-111111111111', 520000, 'Salary budget Q2', '00000000-0000-0000-0000-000000000030'),
  ('726e694a-8f60-4d7f-948d-c1f3f4649caa', '8fbc902f-3649-48f2-aed5-3f18ec232849', 'c1111111-1111-1111-1111-111111111111', 160000, 'Admin expenses Q2', '00000000-0000-0000-0000-000000000030'),
  ('726e694a-8f60-4d7f-948d-c1f3f4649caa', 'f2fee634-84f6-4b20-a84a-6234cb5ef786', 'c1111111-1111-1111-1111-111111111111', 320000, 'Medical supplies Q2', '00000000-0000-0000-0000-000000000030'),
  ('58ed08b7-4267-4993-822c-b67b75f63807', 'a2a8e403-2d52-4ce4-8b2c-6756000b5923', 'c1111111-1111-1111-1111-111111111111', 540000, 'Salary budget Q3', '00000000-0000-0000-0000-000000000030'),
  ('58ed08b7-4267-4993-822c-b67b75f63807', '8fbc902f-3649-48f2-aed5-3f18ec232849', 'c1111111-1111-1111-1111-111111111111', 170000, 'Admin expenses Q3', '00000000-0000-0000-0000-000000000030'),
  ('5b931fc0-2822-43d8-9090-3e4d53944333', 'a2a8e403-2d52-4ce4-8b2c-6756000b5923', 'c1111111-1111-1111-1111-111111111111', 560000, 'Salary budget Q4', '00000000-0000-0000-0000-000000000030'),
  ('5b931fc0-2822-43d8-9090-3e4d53944333', 'f2fee634-84f6-4b20-a84a-6234cb5ef786', 'c1111111-1111-1111-1111-111111111111', 350000, 'Medical supplies Q4', '00000000-0000-0000-0000-000000000030');

-- Daily Closings
INSERT INTO daily_closings (organization_id, branch_id, closing_date, closing_number, total_cash_collected, total_card_collected, total_upi_collected, total_other_collected, grand_total, total_invoices, total_payments, total_sessions, opd_collections, ipd_collections, pharmacy_sales, lab_collections, radiology_collections, er_collections, other_collections, outstanding_receivables, new_credit_given, credit_recovered, expected_cash, actual_cash, cash_difference, status, closed_by, closed_at, approved_by, approved_at) VALUES 
  ('b1111111-1111-1111-1111-111111111111', 'c1111111-1111-1111-1111-111111111111', '2026-03-22', 'EOD-260322-01', 186000, 77500, 46500, 0, 310000, 15, 12, 2, 85000, 120000, 35000, 42000, 0, 28000, 0, 24800, 15500, 9300, 186000, 185800, -200, 'approved', '00000000-0000-0000-0000-000000000030', '2026-03-22T18:00:00', '00000000-0000-0000-0000-000000000030', '2026-03-22T19:00:00'),
  ('b1111111-1111-1111-1111-111111111111', 'c1111111-1111-1111-1111-111111111111', '2026-03-23', 'EOD-260323-01', 153000, 63750, 38250, 0, 255000, 17, 13, 2, 72000, 95000, 28000, 38000, 0, 22000, 0, 20400, 12750, 7650, 153000, 152850, -150, 'approved', '00000000-0000-0000-0000-000000000030', '2026-03-23T18:00:00', '00000000-0000-0000-0000-000000000030', '2026-03-23T19:00:00'),
  ('b1111111-1111-1111-1111-111111111111', 'c1111111-1111-1111-1111-111111111111', '2026-03-24', 'EOD-260324-01', 205200, 85500, 52300, 0, 343000, 19, 14, 2, 91000, 135000, 41000, 45000, 0, 31000, 0, 27440, 17150, 10290, 205200, 205100, -100, 'approved', '00000000-0000-0000-0000-000000000030', '2026-03-24T18:00:00', '00000000-0000-0000-0000-000000000030', '2026-03-24T19:00:00'),
  ('b1111111-1111-1111-1111-111111111111', 'c1111111-1111-1111-1111-111111111111', '2026-03-25', 'EOD-260325-01', 171000, 71250, 42750, 0, 285000, 21, 15, 2, 78000, 110000, 33000, 39000, 0, 25000, 0, 22800, 14250, 8550, 171000, 170950, -50, 'approved', '00000000-0000-0000-0000-000000000030', '2026-03-25T18:00:00', '00000000-0000-0000-0000-000000000030', '2026-03-25T19:00:00'),
  ('b1111111-1111-1111-1111-111111111111', 'c1111111-1111-1111-1111-111111111111', '2026-03-26', 'EOD-260326-01', 213600, 89000, 53400, 0, 356000, 23, 16, 2, 95000, 140000, 38000, 48000, 0, 35000, 0, 28480, 17800, 10680, 213600, 213600, 0, 'approved', '00000000-0000-0000-0000-000000000030', '2026-03-26T18:00:00', '00000000-0000-0000-0000-000000000030', '2026-03-26T19:00:00'),
  ('b1111111-1111-1111-1111-111111111111', 'c1111111-1111-1111-1111-111111111111', '2026-03-27', 'EOD-260327-01', 171000, 71250, 42750, 0, 285000, 25, 17, 2, 82000, 105000, 30000, 41000, 0, 27000, 0, 22800, 14250, 8550, 171000, 170900, -100, 'approved', '00000000-0000-0000-0000-000000000030', '2026-03-27T18:00:00', '00000000-0000-0000-0000-000000000030', '2026-03-27T19:00:00'),
  ('b1111111-1111-1111-1111-111111111111', 'c1111111-1111-1111-1111-111111111111', '2026-03-28', 'EOD-260328-01', 194400, 81000, 47600, 0, 323000, 27, 18, 2, 88000, 125000, 36000, 44000, 0, 30000, 0, 25840, 16150, 9690, 194400, 194200, -200, 'approved', '00000000-0000-0000-0000-000000000030', '2026-03-28T18:00:00', '00000000-0000-0000-0000-000000000030', '2026-03-28T19:00:00');

-- Expenses
INSERT INTO expenses (organization_id, branch_id, expense_number, amount, category, description, paid_to, payment_method_id, created_by, approved_by, approved_at) VALUES
  ('b1111111-1111-1111-1111-111111111111', 'c1111111-1111-1111-1111-111111111111', 'EXP-260322-001', 15000, 'petty_cash', 'Electricity Bill March', 'WAPDA', 'f1a11111-1111-1111-1111-111111111111', '00000000-0000-0000-0000-000000000030', '00000000-0000-0000-0000-000000000030', '2026-03-28T10:00:00'),
  ('b1111111-1111-1111-1111-111111111111', 'c1111111-1111-1111-1111-111111111111', 'EXP-260322-002', 8500, 'misc', 'Generator Diesel', 'Shell Fuel Station', 'f1a11111-1111-1111-1111-111111111111', '00000000-0000-0000-0000-000000000030', '00000000-0000-0000-0000-000000000030', '2026-03-28T10:00:00'),
  ('b1111111-1111-1111-1111-111111111111', 'c1111111-1111-1111-1111-111111111111', 'EXP-260323-001', 25000, 'staff_advance', 'Staff Salary Advance', 'Nurse Ayesha', 'f1a11111-1111-1111-1111-111111111111', '00000000-0000-0000-0000-000000000030', '00000000-0000-0000-0000-000000000030', '2026-03-28T10:00:00'),
  ('b1111111-1111-1111-1111-111111111111', 'c1111111-1111-1111-1111-111111111111', 'EXP-260324-001', 12000, 'petty_cash', 'AC Maintenance', 'Cool Tech', 'f1a11111-1111-1111-1111-111111111111', '00000000-0000-0000-0000-000000000030', '00000000-0000-0000-0000-000000000030', '2026-03-28T10:00:00'),
  ('b1111111-1111-1111-1111-111111111111', 'c1111111-1111-1111-1111-111111111111', 'EXP-260325-001', 35000, 'other', 'Medical Waste Disposal', 'CleanCare', 'f4a44444-4444-4444-4444-444444444444', '00000000-0000-0000-0000-000000000030', '00000000-0000-0000-0000-000000000030', '2026-03-28T10:00:00'),
  ('b1111111-1111-1111-1111-111111111111', 'c1111111-1111-1111-1111-111111111111', 'EXP-260326-001', 5500, 'petty_cash', 'Office Stationery', 'Pak Stationery', 'f1a11111-1111-1111-1111-111111111111', '00000000-0000-0000-0000-000000000030', '00000000-0000-0000-0000-000000000030', '2026-03-28T10:00:00'),
  ('b1111111-1111-1111-1111-111111111111', 'c1111111-1111-1111-1111-111111111111', 'EXP-260327-001', 18000, 'misc', 'Security Guard Salary', 'SafeGuard', 'f4a44444-4444-4444-4444-444444444444', '00000000-0000-0000-0000-000000000030', '00000000-0000-0000-0000-000000000030', '2026-03-28T10:00:00'),
  ('b1111111-1111-1111-1111-111111111111', 'c1111111-1111-1111-1111-111111111111', 'EXP-260328-001', 9000, 'refund', 'Patient Refund', 'Patient M. Ali', 'f1a11111-1111-1111-1111-111111111111', '00000000-0000-0000-0000-000000000030', '00000000-0000-0000-0000-000000000030', '2026-03-28T10:00:00');

-- Vendor Payment Journals
INSERT INTO journal_entries (id, organization_id, branch_id, entry_date, description, reference_type, reference_id, is_posted) VALUES 
  ('d1111111-aaaa-1111-1111-111111111111', 'b1111111-1111-1111-1111-111111111111', 'c1111111-1111-1111-1111-111111111111', '2026-03-22', 'VP: Medicine supply', 'vendor_payment', 'd1111111-bbbb-1111-1111-111111111111', true),
  ('d2222222-aaaa-2222-2222-222222222222', 'b1111111-1111-1111-1111-111111111111', 'c1111111-1111-1111-1111-111111111111', '2026-03-24', 'VP: Equipment maintenance', 'vendor_payment', 'd2222222-bbbb-2222-2222-222222222222', true),
  ('d3333333-aaaa-3333-3333-333333333333', 'b1111111-1111-1111-1111-111111111111', 'c1111111-1111-1111-1111-111111111111', '2026-03-25', 'VP: Lab reagents', 'vendor_payment', 'd3333333-bbbb-3333-3333-333333333333', true),
  ('d4444444-aaaa-4444-4444-444444444444', 'b1111111-1111-1111-1111-111111111111', 'c1111111-1111-1111-1111-111111111111', '2026-03-27', 'VP: Surgical supplies', 'vendor_payment', 'd4444444-bbbb-4444-4444-444444444444', true),
  ('d5555555-aaaa-5555-5555-555555555555', 'b1111111-1111-1111-1111-111111111111', 'c1111111-1111-1111-1111-111111111111', '2026-03-28', 'VP: Cleaning contract', 'vendor_payment', 'd5555555-bbbb-5555-5555-555555555555', true);

INSERT INTO journal_entry_lines (journal_entry_id, account_id, description, debit_amount, credit_amount) VALUES 
  ('d1111111-aaaa-1111-1111-111111111111', 'ed5c65ce-5c04-4cb8-bb60-9b6ada9c19cc', 'AP reduction', 85000, 0),
  ('d1111111-aaaa-1111-1111-111111111111', '280997ad-4971-4e03-a032-cae3077106b0', 'Bank payment', 0, 85000),
  ('d2222222-aaaa-2222-2222-222222222222', 'ed5c65ce-5c04-4cb8-bb60-9b6ada9c19cc', 'AP reduction', 120000, 0),
  ('d2222222-aaaa-2222-2222-222222222222', '280997ad-4971-4e03-a032-cae3077106b0', 'Bank payment', 0, 120000),
  ('d3333333-aaaa-3333-3333-333333333333', 'ed5c65ce-5c04-4cb8-bb60-9b6ada9c19cc', 'AP reduction', 45000, 0),
  ('d3333333-aaaa-3333-3333-333333333333', '4bbdf585-43ff-4220-8142-3afed06a7d96', 'Cash payment', 0, 45000),
  ('d4444444-aaaa-4444-4444-444444444444', 'ed5c65ce-5c04-4cb8-bb60-9b6ada9c19cc', 'AP reduction', 65000, 0),
  ('d4444444-aaaa-4444-4444-444444444444', '280997ad-4971-4e03-a032-cae3077106b0', 'Bank payment', 0, 65000),
  ('d5555555-aaaa-5555-5555-555555555555', 'ed5c65ce-5c04-4cb8-bb60-9b6ada9c19cc', 'AP reduction', 28000, 0),
  ('d5555555-aaaa-5555-5555-555555555555', '4bbdf585-43ff-4220-8142-3afed06a7d96', 'Cash payment', 0, 28000);

INSERT INTO vendor_payments (id, organization_id, branch_id, vendor_id, payment_date, amount, payment_method_id, reference_number, notes, status, journal_entry_id, created_by) VALUES 
  ('d1111111-bbbb-1111-1111-111111111111', 'b1111111-1111-1111-1111-111111111111', 'c1111111-1111-1111-1111-111111111111', '7ace5455-8baa-4dfc-a240-43d59d310216', '2026-03-22', 85000, 'f4a44444-4444-4444-4444-444444444444', 'CHQ-44521', 'Medicine supply', 'paid', 'd1111111-aaaa-1111-1111-111111111111', '00000000-0000-0000-0000-000000000030'),
  ('d2222222-bbbb-2222-2222-222222222222', 'b1111111-1111-1111-1111-111111111111', 'c1111111-1111-1111-1111-111111111111', '28055b93-a4b7-45f7-a029-8c317f97de64', '2026-03-24', 120000, 'f4a44444-4444-4444-4444-444444444444', 'RTGS-98712', 'Equipment maintenance', 'paid', 'd2222222-aaaa-2222-2222-222222222222', '00000000-0000-0000-0000-000000000030'),
  ('d3333333-bbbb-3333-3333-333333333333', 'b1111111-1111-1111-1111-111111111111', 'c1111111-1111-1111-1111-111111111111', '98911f4e-2d3e-44b2-aa08-7937a1fc26d1', '2026-03-25', 45000, 'f1a11111-1111-1111-1111-111111111111', NULL, 'Lab reagents', 'paid', 'd3333333-aaaa-3333-3333-333333333333', '00000000-0000-0000-0000-000000000030'),
  ('d4444444-bbbb-4444-4444-444444444444', 'b1111111-1111-1111-1111-111111111111', 'c1111111-1111-1111-1111-111111111111', '1ad1514b-6b4d-4f0b-be89-73a0dc1a9c45', '2026-03-27', 65000, 'f4a44444-4444-4444-4444-444444444444', 'CHQ-44522', 'Surgical supplies', 'paid', 'd4444444-aaaa-4444-4444-444444444444', '00000000-0000-0000-0000-000000000030'),
  ('d5555555-bbbb-5555-5555-555555555555', 'b1111111-1111-1111-1111-111111111111', 'c1111111-1111-1111-1111-111111111111', 'ab29767c-faa1-4fb5-9583-8190ee3b5b03', '2026-03-28', 28000, 'f1a11111-1111-1111-1111-111111111111', NULL, 'Cleaning contract', 'paid', 'd5555555-aaaa-5555-5555-555555555555', '00000000-0000-0000-0000-000000000030');

-- Insurance Claims (with claim_number using generate_claim_number RPC)
INSERT INTO insurance_claims (organization_id, branch_id, patient_insurance_id, invoice_id, claim_number, claim_date, submission_date, total_amount, approved_amount, paid_amount, copay_amount, deductible_amount, patient_responsibility, status, created_by) VALUES
  ('b1111111-1111-1111-1111-111111111111', 'c1111111-1111-1111-1111-111111111111', 'a121950a-d5e6-4f48-a6ff-b34a3189430d', 'cf345b27-3c1a-4998-bef2-c0c48fc3331a', 'SHI-CLM-260315-0001', '2026-03-15', '2026-03-15', 550, 550, 550, 0, 0, 0, 'paid', '00000000-0000-0000-0000-000000000030'),
  ('b1111111-1111-1111-1111-111111111111', 'c1111111-1111-1111-1111-111111111111', 'c8315eb3-a63a-435a-8e67-a8a07a1ec541', '8207732f-32f1-417c-966f-9fc0830c7fb8', 'SHI-CLM-260316-0001', '2026-03-16', '2026-03-16', 1550, 1200, 1200, 200, 150, 350, 'paid', '00000000-0000-0000-0000-000000000030'),
  ('b1111111-1111-1111-1111-111111111111', 'c1111111-1111-1111-1111-111111111111', 'e1f48256-79c8-407e-8aae-be88e66502b3', '1e14a1ee-8268-45ff-869d-65da6491e532', 'SHI-CLM-260317-0001', '2026-03-17', '2026-03-17', 1000, 800, 0, 200, 0, 200, 'denied', '00000000-0000-0000-0000-000000000030'),
  ('b1111111-1111-1111-1111-111111111111', 'c1111111-1111-1111-1111-111111111111', '2bd2036a-8662-472b-9dd8-bf253bcb350d', '65f363c7-8afa-46d1-8edb-c1adbd847cb7', 'SHI-CLM-260318-0001', '2026-03-18', '2026-03-18', 3500, 3000, 2500, 300, 200, 500, 'approved', '00000000-0000-0000-0000-000000000030'),
  ('b1111111-1111-1111-1111-111111111111', 'c1111111-1111-1111-1111-111111111111', '34c9363b-1e9a-4c74-862e-3256364fdd20', '82863250-45e4-4391-90f0-d52855c2b375', 'SHI-CLM-260319-0001', '2026-03-19', '2026-03-19', 3500, 3500, 3500, 0, 0, 0, 'paid', '00000000-0000-0000-0000-000000000030'),
  ('b1111111-1111-1111-1111-111111111111', 'c1111111-1111-1111-1111-111111111111', 'a121950a-d5e6-4f48-a6ff-b34a3189430d', 'cf345b27-3c1a-4998-bef2-c0c48fc3331a', 'SHI-CLM-260320-0001', '2026-03-20', '2026-03-20', 550, 500, 450, 50, 0, 50, 'approved', '00000000-0000-0000-0000-000000000030'),
  ('b1111111-1111-1111-1111-111111111111', 'c1111111-1111-1111-1111-111111111111', 'c8315eb3-a63a-435a-8e67-a8a07a1ec541', '8207732f-32f1-417c-966f-9fc0830c7fb8', 'SHI-CLM-260321-0001', '2026-03-21', '2026-03-21', 1550, 1400, 1400, 150, 0, 150, 'paid', '00000000-0000-0000-0000-000000000030'),
  ('b1111111-1111-1111-1111-111111111111', 'c1111111-1111-1111-1111-111111111111', 'e1f48256-79c8-407e-8aae-be88e66502b3', '1e14a1ee-8268-45ff-869d-65da6491e532', 'SHI-CLM-260322-0001', '2026-03-22', '2026-03-22', 1000, 900, 0, 100, 0, 100, 'submitted', '00000000-0000-0000-0000-000000000030'),
  ('b1111111-1111-1111-1111-111111111111', 'c1111111-1111-1111-1111-111111111111', '2bd2036a-8662-472b-9dd8-bf253bcb350d', '65f363c7-8afa-46d1-8edb-c1adbd847cb7', 'SHI-CLM-260323-0001', '2026-03-23', '2026-03-23', 3500, 3200, 2800, 300, 0, 300, 'partially_paid', '00000000-0000-0000-0000-000000000030'),
  ('b1111111-1111-1111-1111-111111111111', 'c1111111-1111-1111-1111-111111111111', '34c9363b-1e9a-4c74-862e-3256364fdd20', '82863250-45e4-4391-90f0-d52855c2b375', 'SHI-CLM-260324-0001', '2026-03-24', '2026-03-24', 3500, 0, 0, 0, 0, 0, 'pending', '00000000-0000-0000-0000-000000000030');

-- Additional Journal Entries with cost centers
INSERT INTO journal_entries (id, organization_id, branch_id, entry_date, description, reference_type, is_posted) VALUES 
  ('e1111111-aaaa-1111-1111-111111111111', 'b1111111-1111-1111-1111-111111111111', 'c1111111-1111-1111-1111-111111111111', '2026-03-31', 'Depreciation - Medical Equipment', 'manual', true),
  ('e2222222-aaaa-2222-2222-222222222222', 'b1111111-1111-1111-1111-111111111111', 'c1111111-1111-1111-1111-111111111111', '2026-03-31', 'Accrued Utilities March', 'manual', true),
  ('e3333333-aaaa-3333-3333-333333333333', 'b1111111-1111-1111-1111-111111111111', 'c1111111-1111-1111-1111-111111111111', '2026-03-28', 'Lab Revenue Accrual', 'manual', true),
  ('e4444444-aaaa-4444-4444-444444444444', 'b1111111-1111-1111-1111-111111111111', 'c1111111-1111-1111-1111-111111111111', '2026-03-27', 'Pharmacy Stock Adjustment', 'manual', true),
  ('e5555555-aaaa-5555-5555-555555555555', 'b1111111-1111-1111-1111-111111111111', 'c1111111-1111-1111-1111-111111111111', '2026-03-26', 'OPD Consultation Revenue', 'manual', true),
  ('e6666666-aaaa-6666-6666-666666666666', 'b1111111-1111-1111-1111-111111111111', 'c1111111-1111-1111-1111-111111111111', '2026-03-25', 'Bank Deposit', 'manual', true),
  ('e7777777-aaaa-7777-7777-777777777777', 'b1111111-1111-1111-1111-111111111111', 'c1111111-1111-1111-1111-111111111111', '2026-03-24', 'Tax Payment WHT', 'manual', true),
  ('e8888888-aaaa-8888-8888-888888888888', 'b1111111-1111-1111-1111-111111111111', 'c1111111-1111-1111-1111-111111111111', '2026-03-23', 'Medical Supplies Purchase', 'manual', true),
  ('e9999999-aaaa-9999-9999-999999999999', 'b1111111-1111-1111-1111-111111111111', 'c1111111-1111-1111-1111-111111111111', '2026-03-22', 'Admin Salary Accrual', 'manual', true),
  ('ea111111-aaaa-1111-aaaa-111111111111', 'b1111111-1111-1111-1111-111111111111', 'c1111111-1111-1111-1111-111111111111', '2026-03-21', 'Emergency Revenue', 'manual', true);

INSERT INTO journal_entry_lines (journal_entry_id, account_id, description, debit_amount, credit_amount, cost_center_id) VALUES 
  ('e1111111-aaaa-1111-1111-111111111111', '8fbc902f-3649-48f2-aed5-3f18ec232849', 'Depreciation', 45000, 0, 'a7183fa9-a757-46d7-b7e6-b52713c326c5'),
  ('e1111111-aaaa-1111-1111-111111111111', '742020ef-a444-4361-a50b-d5671c2d6c06', 'Accum depr', 0, 45000, 'a7183fa9-a757-46d7-b7e6-b52713c326c5'),
  ('e2222222-aaaa-2222-2222-222222222222', '8fbc902f-3649-48f2-aed5-3f18ec232849', 'Utilities', 22000, 0, 'a7183fa9-a757-46d7-b7e6-b52713c326c5'),
  ('e2222222-aaaa-2222-2222-222222222222', '8e80b09a-3e38-4729-9766-a9f7c123ff47', 'Accrued', 0, 22000, 'a7183fa9-a757-46d7-b7e6-b52713c326c5'),
  ('e3333333-aaaa-3333-3333-333333333333', '4bbdf585-43ff-4220-8142-3afed06a7d96', 'Cash', 18000, 0, '43deb38f-a669-4177-a0b9-c5f31e7683bd'),
  ('e3333333-aaaa-3333-3333-333333333333', '9d7a91db-19e4-4e73-9297-204bee7ca0b3', 'Lab rev', 0, 18000, '43deb38f-a669-4177-a0b9-c5f31e7683bd'),
  ('e4444444-aaaa-4444-4444-444444444444', 'f2fee634-84f6-4b20-a84a-6234cb5ef786', 'Write-off', 12000, 0, '69614f7c-719e-4e12-a49b-517ced00afd5'),
  ('e4444444-aaaa-4444-4444-444444444444', '742020ef-a444-4361-a50b-d5671c2d6c06', 'Inv reduce', 0, 12000, '69614f7c-719e-4e12-a49b-517ced00afd5'),
  ('e5555555-aaaa-5555-5555-555555555555', '4bbdf585-43ff-4220-8142-3afed06a7d96', 'OPD cash', 95000, 0, '064519b3-3920-4ab5-a01b-8d8782349e9e'),
  ('e5555555-aaaa-5555-5555-555555555555', '85848bd7-dfe5-444b-a313-86a1427d6ec0', 'OPD rev', 0, 95000, '064519b3-3920-4ab5-a01b-8d8782349e9e'),
  ('e6666666-aaaa-6666-6666-666666666666', '280997ad-4971-4e03-a032-cae3077106b0', 'Bank dep', 200000, 0, NULL),
  ('e6666666-aaaa-6666-6666-666666666666', '4bbdf585-43ff-4220-8142-3afed06a7d96', 'Cash out', 0, 200000, NULL),
  ('e7777777-aaaa-7777-7777-777777777777', '8e80b09a-3e38-4729-9766-a9f7c123ff47', 'WHT', 35000, 0, 'a7183fa9-a757-46d7-b7e6-b52713c326c5'),
  ('e7777777-aaaa-7777-7777-777777777777', '280997ad-4971-4e03-a032-cae3077106b0', 'Bank', 0, 35000, 'a7183fa9-a757-46d7-b7e6-b52713c326c5'),
  ('e8888888-aaaa-8888-8888-888888888888', 'f2fee634-84f6-4b20-a84a-6234cb5ef786', 'Supplies', 55000, 0, '69614f7c-719e-4e12-a49b-517ced00afd5'),
  ('e8888888-aaaa-8888-8888-888888888888', 'ed5c65ce-5c04-4cb8-bb60-9b6ada9c19cc', 'AP', 0, 55000, '69614f7c-719e-4e12-a49b-517ced00afd5'),
  ('e9999999-aaaa-9999-9999-999999999999', 'a2a8e403-2d52-4ce4-8b2c-6756000b5923', 'Salary', 180000, 0, 'a7183fa9-a757-46d7-b7e6-b52713c326c5'),
  ('e9999999-aaaa-9999-9999-999999999999', '4bbdf585-43ff-4220-8142-3afed06a7d96', 'Cash', 0, 180000, 'a7183fa9-a757-46d7-b7e6-b52713c326c5'),
  ('ea111111-aaaa-1111-aaaa-111111111111', '4bbdf585-43ff-4220-8142-3afed06a7d96', 'ER cash', 42000, 0, '064519b3-3920-4ab5-a01b-8d8782349e9e'),
  ('ea111111-aaaa-1111-aaaa-111111111111', '85848bd7-dfe5-444b-a313-86a1427d6ec0', 'ER rev', 0, 42000, '064519b3-3920-4ab5-a01b-8d8782349e9e');