
-- =============================================
-- SEED DATA: Hospital & Pharmacy Racks, Inventory, Assignments
-- =============================================

-- A1: Hospital racks (Central Warehouse + Pharmacy Store)
INSERT INTO store_racks (id, store_id, organization_id, rack_code, rack_name, section, is_active)
VALUES
  ('11111111-aaaa-4001-8001-000000000001', 'b2b3d49f-5c32-4eb0-a525-ed1331786421', 'b1111111-1111-1111-1111-111111111111', 'H-R01', 'General Medicines', 'A', true),
  ('11111111-aaaa-4001-8001-000000000002', 'b2b3d49f-5c32-4eb0-a525-ed1331786421', 'b1111111-1111-1111-1111-111111111111', 'H-R02', 'Antibiotics', 'A', true),
  ('11111111-aaaa-4001-8001-000000000003', 'b2b3d49f-5c32-4eb0-a525-ed1331786421', 'b1111111-1111-1111-1111-111111111111', 'H-R03', 'Cardiovascular & Metabolic', 'B', true),
  ('11111111-aaaa-4001-8001-000000000004', 'b2b3d49f-5c32-4eb0-a525-ed1331786421', 'b1111111-1111-1111-1111-111111111111', 'H-R04', 'GI & Pain Relief', 'B', true),
  ('11111111-aaaa-4001-8001-000000000005', 'b2b3d49f-5c32-4eb0-a525-ed1331786421', 'b1111111-1111-1111-1111-111111111111', 'H-R05', 'Pediatric', 'C', true),
  ('11111111-aaaa-4001-8001-000000000006', '1eba7f1c-9237-4e7a-901c-a6b668197cf5', 'b1111111-1111-1111-1111-111111111111', 'H-P01', 'Dispensing Rack', 'A', true);

-- B1: Pharmacy racks (Main Pharmacy Store) - R-01 already exists
INSERT INTO store_racks (id, store_id, organization_id, rack_code, rack_name, section, is_active)
VALUES
  ('11111111-bbbb-4001-8001-000000000002', '7eff9e8c-79d4-4c8c-8769-c543fd645b53', 'b1111111-1111-1111-1111-111111111111', 'R-02', 'Pain & Anti-inflammatory', 'Aisle A', true),
  ('11111111-bbbb-4001-8001-000000000003', '7eff9e8c-79d4-4c8c-8769-c543fd645b53', 'b1111111-1111-1111-1111-111111111111', 'R-03', 'Antibiotics', 'Aisle B', true),
  ('11111111-bbbb-4001-8001-000000000004', '7eff9e8c-79d4-4c8c-8769-c543fd645b53', 'b1111111-1111-1111-1111-111111111111', 'R-04', 'GI & Metabolic', 'Aisle B', true),
  ('11111111-bbbb-4001-8001-000000000005', '7eff9e8c-79d4-4c8c-8769-c543fd645b53', 'b1111111-1111-1111-1111-111111111111', 'R-05', 'Pediatric & Syrups', 'Aisle C', true);

-- B2: Pharmacy inventory (10 items in Main Pharmacy Store)
INSERT INTO medicine_inventory (id, branch_id, medicine_id, store_id, batch_number, quantity, unit_price, selling_price, expiry_date, reorder_level)
VALUES
  ('11111111-cccc-4001-8001-000000000001', 'c1111111-1111-1111-1111-111111111111', 'a1111111-0001-4001-8001-000000000001', '7eff9e8c-79d4-4c8c-8769-c543fd645b53', 'PH-2602-001', 300, 2.50, 5.00, '2027-12-31', 30),
  ('11111111-cccc-4001-8001-000000000002', 'c1111111-1111-1111-1111-111111111111', 'a1111111-0001-4001-8001-000000000002', '7eff9e8c-79d4-4c8c-8769-c543fd645b53', 'PH-2602-002', 200, 8.00, 15.00, '2027-06-30', 20),
  ('11111111-cccc-4001-8001-000000000003', 'c1111111-1111-1111-1111-111111111111', 'a1111111-0001-4001-8001-000000000003', '7eff9e8c-79d4-4c8c-8769-c543fd645b53', 'PH-2602-003', 150, 45.00, 85.00, '2027-12-31', 15),
  ('11111111-cccc-4001-8001-000000000004', 'c1111111-1111-1111-1111-111111111111', 'a1111111-0001-4001-8001-000000000004', '7eff9e8c-79d4-4c8c-8769-c543fd645b53', 'PH-2602-004', 100, 25.00, 50.00, '2027-09-30', 10),
  ('11111111-cccc-4001-8001-000000000005', 'c1111111-1111-1111-1111-111111111111', 'a1111111-0001-4001-8001-000000000005', '7eff9e8c-79d4-4c8c-8769-c543fd645b53', 'PH-2602-005', 180, 12.00, 25.00, '2027-03-31', 18),
  ('11111111-cccc-4001-8001-000000000006', 'c1111111-1111-1111-1111-111111111111', 'a1111111-0001-4001-8001-000000000006', '7eff9e8c-79d4-4c8c-8769-c543fd645b53', 'PH-2602-006', 80, 80.00, 150.00, '2026-06-30', 8),
  ('11111111-cccc-4001-8001-000000000007', 'c1111111-1111-1111-1111-111111111111', 'a1111111-0001-4001-8001-000000000007', '7eff9e8c-79d4-4c8c-8769-c543fd645b53', 'PH-2602-007', 250, 5.00, 12.00, '2027-08-31', 25),
  ('11111111-cccc-4001-8001-000000000008', 'c1111111-1111-1111-1111-111111111111', 'a1111111-0001-4001-8001-000000000008', '7eff9e8c-79d4-4c8c-8769-c543fd645b53', 'PH-2602-008', 150, 18.00, 35.00, '2027-04-30', 15),
  ('11111111-cccc-4001-8001-000000000009', 'c1111111-1111-1111-1111-111111111111', 'a1111111-0001-4001-8001-000000000009', '7eff9e8c-79d4-4c8c-8769-c543fd645b53', 'PH-2602-009', 200, 6.00, 15.00, '2027-07-31', 20),
  ('11111111-cccc-4001-8001-000000000010', 'c1111111-1111-1111-1111-111111111111', 'a1111111-0001-4001-8001-000000000010', '7eff9e8c-79d4-4c8c-8769-c543fd645b53', 'PH-2602-010', 120, 35.00, 70.00, '2027-10-31', 12);

-- A2: Hospital rack assignments (10 items in Central Warehouse)
INSERT INTO medicine_rack_assignments (medicine_id, store_id, rack_id, organization_id, shelf_number, position)
VALUES
  ('a1111111-0001-4001-8001-000000000001', 'b2b3d49f-5c32-4eb0-a525-ed1331786421', '11111111-aaaa-4001-8001-000000000001', 'b1111111-1111-1111-1111-111111111111', '1', 'Left'),
  ('a1111111-0001-4001-8001-000000000002', 'b2b3d49f-5c32-4eb0-a525-ed1331786421', '11111111-aaaa-4001-8001-000000000004', 'b1111111-1111-1111-1111-111111111111', '1', 'Left'),
  ('a1111111-0001-4001-8001-000000000009', 'b2b3d49f-5c32-4eb0-a525-ed1331786421', '11111111-aaaa-4001-8001-000000000004', 'b1111111-1111-1111-1111-111111111111', '1', 'Right'),
  ('a1111111-0001-4001-8001-000000000003', 'b2b3d49f-5c32-4eb0-a525-ed1331786421', '11111111-aaaa-4001-8001-000000000002', 'b1111111-1111-1111-1111-111111111111', '1', 'Left'),
  ('a1111111-0001-4001-8001-000000000007', 'b2b3d49f-5c32-4eb0-a525-ed1331786421', '11111111-aaaa-4001-8001-000000000002', 'b1111111-1111-1111-1111-111111111111', '2', 'Left'),
  ('a1111111-0001-4001-8001-000000000005', 'b2b3d49f-5c32-4eb0-a525-ed1331786421', '11111111-aaaa-4001-8001-000000000003', 'b1111111-1111-1111-1111-111111111111', '1', 'Left'),
  ('a1111111-0001-4001-8001-000000000004', 'b2b3d49f-5c32-4eb0-a525-ed1331786421', '11111111-aaaa-4001-8001-000000000003', 'b1111111-1111-1111-1111-111111111111', '2', 'Left'),
  ('a1111111-0001-4001-8001-000000000008', 'b2b3d49f-5c32-4eb0-a525-ed1331786421', '11111111-aaaa-4001-8001-000000000004', 'b1111111-1111-1111-1111-111111111111', '2', 'Left'),
  ('a1111111-0001-4001-8001-000000000010', 'b2b3d49f-5c32-4eb0-a525-ed1331786421', '11111111-aaaa-4001-8001-000000000004', 'b1111111-1111-1111-1111-111111111111', '2', 'Right'),
  ('a1111111-0001-4001-8001-000000000006', 'b2b3d49f-5c32-4eb0-a525-ed1331786421', '11111111-aaaa-4001-8001-000000000005', 'b1111111-1111-1111-1111-111111111111', '1', 'Left');

-- B3: Pharmacy rack assignments (10 items in Main Pharmacy Store)
INSERT INTO medicine_rack_assignments (medicine_id, store_id, rack_id, organization_id, shelf_number, position)
VALUES
  ('a1111111-0001-4001-8001-000000000004', '7eff9e8c-79d4-4c8c-8769-c543fd645b53', '57792c49-7d59-44e8-863f-d32b97dcfbf9', 'b1111111-1111-1111-1111-111111111111', '1', 'Left'),
  ('a1111111-0001-4001-8001-000000000002', '7eff9e8c-79d4-4c8c-8769-c543fd645b53', '11111111-bbbb-4001-8001-000000000002', 'b1111111-1111-1111-1111-111111111111', '1', 'Left'),
  ('a1111111-0001-4001-8001-000000000009', '7eff9e8c-79d4-4c8c-8769-c543fd645b53', '11111111-bbbb-4001-8001-000000000002', 'b1111111-1111-1111-1111-111111111111', '1', 'Right'),
  ('a1111111-0001-4001-8001-000000000003', '7eff9e8c-79d4-4c8c-8769-c543fd645b53', '11111111-bbbb-4001-8001-000000000003', 'b1111111-1111-1111-1111-111111111111', '1', 'Left'),
  ('a1111111-0001-4001-8001-000000000007', '7eff9e8c-79d4-4c8c-8769-c543fd645b53', '11111111-bbbb-4001-8001-000000000003', 'b1111111-1111-1111-1111-111111111111', '2', 'Left'),
  ('a1111111-0001-4001-8001-000000000005', '7eff9e8c-79d4-4c8c-8769-c543fd645b53', '11111111-bbbb-4001-8001-000000000004', 'b1111111-1111-1111-1111-111111111111', '1', 'Left'),
  ('a1111111-0001-4001-8001-000000000008', '7eff9e8c-79d4-4c8c-8769-c543fd645b53', '11111111-bbbb-4001-8001-000000000004', 'b1111111-1111-1111-1111-111111111111', '2', 'Left'),
  ('a1111111-0001-4001-8001-000000000010', '7eff9e8c-79d4-4c8c-8769-c543fd645b53', '11111111-bbbb-4001-8001-000000000004', 'b1111111-1111-1111-1111-111111111111', '2', 'Right'),
  ('a1111111-0001-4001-8001-000000000001', '7eff9e8c-79d4-4c8c-8769-c543fd645b53', '11111111-bbbb-4001-8001-000000000004', 'b1111111-1111-1111-1111-111111111111', '3', 'Left'),
  ('a1111111-0001-4001-8001-000000000006', '7eff9e8c-79d4-4c8c-8769-c543fd645b53', '11111111-bbbb-4001-8001-000000000005', 'b1111111-1111-1111-1111-111111111111', '1', 'Left');
